,Week ended,region,covid19 deaths,total deaths,pc deaths due to covid19
0,2020-01-03,North East,0,673,0.0
1,2020-01-10,North East,0,707,0.0
2,2020-01-17,North East,0,647,0.0
3,2020-01-24,North East,0,612,0.0
4,2020-01-31,North East,0,561,0.0
5,2020-02-07,North East,0,564,0.0
6,2020-02-14,North East,0,573,0.0
7,2020-02-21,North East,0,539,0.0
8,2020-02-28,North East,0,572,0.0
9,2020-03-06,North East,0,568,0.0
10,2020-03-13,North East,0,590,0.0
11,2020-03-20,North East,1,522,0.0019157088122605363
12,2020-03-27,North East,15,542,0.027675276752767528
13,2020-04-03,North East,134,770,0.17402597402597403
14,2020-04-10,North East,288,849,0.3392226148409894
15,2020-04-17,North East,475,1155,0.41125541125541126
16,2020-04-24,North East,419,1103,0.3798730734360834
17,2020-05-01,North East,316,922,0.34273318872017355
18,2020-05-08,North East,271,769,0.35240572171651496
19,2020-05-15,North East,248,845,0.293491124260355
20,2020-05-22,North East,202,718,0.28133704735376047
21,2020-05-29,North East,141,550,0.25636363636363635
22,2020-06-05,North East,113,576,0.19618055555555555
23,2020-06-12,North East,71,478,0.14853556485355648
24,2020-06-19,North East,30,498,0.060240963855421686
25,2020-06-26,North East,32,485,0.06597938144329897
26,2020-07-03,North East,28,515,0.05436893203883495
27,2020-07-10,North East,8,468,0.017094017094017096
28,2020-07-17,North East,8,445,0.017977528089887642
29,2020-07-24,North East,4,493,0.008113590263691683
30,2020-07-31,North East,5,507,0.009861932938856016
31,2020-08-07,North East,5,486,0.0102880658436214
32,2020-08-14,North East,5,520,0.009615384615384616
33,2020-08-21,North East,4,479,0.008350730688935281
34,2020-08-28,North East,2,455,0.004395604395604396
35,2020-09-04,North East,5,431,0.01160092807424594
36,2020-09-11,North East,3,502,0.00597609561752988
37,2020-09-18,North East,8,465,0.017204301075268817
38,2020-09-25,North East,13,514,0.02529182879377432
39,2020-10-02,North East,40,558,0.07168458781362007
40,2020-10-09,North East,60,544,0.11029411764705882
41,2020-10-16,North East,93,606,0.15346534653465346
42,2020-10-23,North East,114,600,0.19
43,2020-10-30,North East,118,591,0.1996615905245347
44,2020-11-06,North East,152,675,0.22518518518518518
45,2020-11-13,North East,180,711,0.25316455696202533
46,2020-11-20,North East,185,691,0.26772793053545585
47,2020-11-27,North East,220,679,0.3240058910162003
48,2020-12-04,North East,183,645,0.2837209302325581
49,2020-12-11,North East,147,661,0.22239031770045387
50,2020-12-18,North East,143,689,0.20754716981132076
51,2020-12-25,North East,180,669,0.26905829596412556
52,2021-01-01,North East,157,547,0.2870201096892139
53,2021-01-08,North East,229,858,0.2668997668997669
54,2021-01-15,North East,249,797,0.3124215809284818
55,2021-01-22,North East,279,836,0.33373205741626794
56,2021-01-29,North East,269,752,0.35771276595744683
57,2021-02-05,North East,258,742,0.3477088948787062
58,2021-02-12,North East,229,763,0.30013106159895153
59,2021-02-19,North East,165,677,0.24372230428360414
60,2021-02-26,North East,100,614,0.16286644951140064
61,2021-03-05,North East,86,581,0.14802065404475043
62,2021-03-12,North East,66,593,0.11129848229342328
63,2021-03-19,North East,38,523,0.07265774378585087
64,2021-03-26,North East,35,505,0.06930693069306931
65,2021-04-02,North East,16,449,0.035634743875278395
66,2021-04-09,North East,17,504,0.03373015873015873
67,2021-04-16,North East,14,544,0.025735294117647058
68,2021-04-23,North East,6,509,0.011787819253438114
69,2021-04-30,North East,13,501,0.02594810379241517
70,2021-05-07,North East,3,455,0.006593406593406593
71,2021-05-14,North East,6,548,0.010948905109489052
72,2021-05-21,North East,7,503,0.013916500994035786
73,2021-05-28,North East,1,548,0.0018248175182481751
74,2021-06-04,North East,2,435,0.004597701149425287
75,2021-06-11,North East,3,534,0.0056179775280898875
76,2021-06-18,North East,3,492,0.006097560975609756
77,2021-06-25,North East,2,462,0.004329004329004329
78,2021-07-02,North East,5,514,0.009727626459143969
79,2021-07-09,North East,8,487,0.01642710472279261
80,2021-07-16,North East,24,515,0.04660194174757282
81,2021-07-23,North East,24,565,0.04247787610619469
82,2021-07-30,North East,46,544,0.08455882352941177
83,2021-08-06,North East,55,580,0.09482758620689655
84,2021-08-13,North East,51,560,0.09107142857142857
85,2021-08-20,North East,30,540,0.05555555555555555
86,2021-08-27,North East,45,591,0.07614213197969544
87,2021-09-03,North East,38,476,0.07983193277310924
88,2021-09-10,North East,47,578,0.08131487889273356
89,2021-09-17,North East,46,518,0.0888030888030888
90,2021-09-24,North East,68,567,0.11992945326278659
91,2021-10-01,North East,61,608,0.10032894736842106
92,2021-10-08,North East,41,609,0.06732348111658457
93,2021-10-15,North East,45,541,0.08317929759704251
94,2021-10-22,North East,40,582,0.06872852233676977
95,2021-10-29,North East,53,614,0.08631921824104234
96,2021-11-05,North East,64,631,0.10142630744849446
97,2021-11-12,North East,64,656,0.0975609756097561
98,2021-11-19,North East,49,628,0.07802547770700637
99,2021-11-26,North East,34,564,0.06028368794326241
100,2021-12-03,North East,42,604,0.0695364238410596
101,2021-12-10,North East,37,670,0.05522388059701493
102,2021-12-17,North East,32,646,0.04953560371517028
103,2021-12-24,North East,51,722,0.07063711911357341
104,2021-12-31,North East,23,439,0.05239179954441914
105,2022-01-07,North East,41,619,0.06623586429725363
106,2022-01-14,North East,71,697,0.10186513629842181
107,2022-01-21,North East,82,660,0.12424242424242424
108,2022-01-28,North East,95,646,0.14705882352941177
109,2022-02-04,North East,99,678,0.14601769911504425
110,2022-02-11,North East,68,651,0.10445468509984639
111,2022-02-18,North East,54,634,0.08517350157728706
112,2022-02-25,North East,35,532,0.06578947368421052
113,2022-03-04,North East,27,596,0.04530201342281879
114,2022-03-11,North East,30,596,0.050335570469798654
115,2022-03-18,North East,20,613,0.03262642740619902
116,2022-03-25,North East,26,580,0.04482758620689655
117,2022-04-01,North East,34,545,0.062385321100917435
118,2022-04-08,North East,50,573,0.08726003490401396
119,2022-04-15,North East,50,554,0.09025270758122744
120,2022-04-22,North East,60,526,0.11406844106463879
121,2022-04-29,North East,43,620,0.06935483870967742
122,2022-05-06,North East,34,522,0.06513409961685823
123,2022-05-13,North East,32,606,0.052805280528052806
124,2022-05-20,North East,26,558,0.04659498207885305
125,2022-05-27,North East,19,532,0.03571428571428571
126,2022-06-03,North East,11,352,0.03125
127,2022-06-10,North East,16,585,0.02735042735042735
128,2022-06-17,North East,21,580,0.03620689655172414
129,2022-06-24,North East,15,557,0.026929982046678635
130,2022-07-01,North East,16,560,0.02857142857142857
131,2022-07-08,North East,21,557,0.03770197486535009
132,2022-07-15,North East,31,527,0.058823529411764705
133,2022-07-22,North East,31,562,0.05516014234875445
134,2022-07-29,North East,37,559,0.06618962432915922
135,2022-08-05,North East,45,600,0.075
136,2022-08-12,North East,28,523,0.05353728489483748
137,2022-08-19,North East,29,510,0.056862745098039215
138,2022-08-26,North East,28,528,0.05303030303030303
139,2022-09-02,North East,15,443,0.033860045146726865
140,2022-09-09,North East,12,528,0.022727272727272728
141,2022-09-16,North East,13,579,0.022452504317789293
142,2022-09-23,North East,10,437,0.02288329519450801
143,2022-09-30,North East,11,611,0.01800327332242226
144,2022-10-07,North East,21,539,0.03896103896103896
145,2022-10-14,North East,32,575,0.05565217391304348
146,2022-10-21,North East,33,615,0.05365853658536585
147,2022-10-28,North East,26,549,0.04735883424408015
148,2022-11-04,North East,34,657,0.0517503805175038
149,2022-11-11,North East,30,659,0.04552352048558422
150,2022-11-18,North East,27,597,0.04522613065326633
151,2022-11-25,North East,23,597,0.038525963149078725
152,2022-12-02,North East,12,605,0.019834710743801654
153,2022-12-09,North East,15,585,0.02564102564102564
154,2022-12-16,North East,15,657,0.0228310502283105
155,2022-12-23,North East,21,787,0.026683608640406607
156,2022-12-30,North East,9,585,0.015384615384615385
157,2020-01-03,North West,0,1806,0.0
158,2020-01-10,North West,0,1932,0.0
159,2020-01-17,North West,0,1696,0.0
160,2020-01-24,North West,0,1529,0.0
161,2020-01-31,North West,0,1461,0.0
162,2020-02-07,North West,0,1529,0.0
163,2020-02-14,North West,0,1427,0.0
164,2020-02-21,North West,0,1477,0.0
165,2020-02-28,North West,0,1476,0.0
166,2020-03-06,North West,0,1490,0.0
167,2020-03-13,North West,1,1472,0.0006793478260869565
168,2020-03-20,North West,12,1443,0.008316008316008316
169,2020-03-27,North West,60,1538,0.03901170351105332
170,2020-04-03,North West,418,2137,0.19560131024801122
171,2020-04-10,North West,909,2597,0.35001925298421255
172,2020-04-17,North West,1350,3195,0.4225352112676056
173,2020-04-24,North West,1207,3109,0.3882277259568993
174,2020-05-01,North West,910,2503,0.36356372353176186
175,2020-05-08,North West,597,1790,0.3335195530726257
176,2020-05-15,North West,620,1992,0.3112449799196787
177,2020-05-22,North West,394,1636,0.24083129584352078
178,2020-05-29,North West,282,1337,0.21091997008227376
179,2020-06-05,North West,250,1478,0.16914749661705006
180,2020-06-12,North West,196,1374,0.14264919941775836
181,2020-06-19,North West,134,1234,0.1085899513776337
182,2020-06-26,North West,120,1300,0.09230769230769231
183,2020-07-03,North West,100,1225,0.08163265306122448
184,2020-07-10,North West,62,1154,0.053726169844020795
185,2020-07-17,North West,47,1159,0.04055220017256255
186,2020-07-24,North West,39,1197,0.03258145363408521
187,2020-07-31,North West,32,1272,0.025157232704402517
188,2020-08-07,North West,33,1211,0.027250206440957887
189,2020-08-14,North West,33,1304,0.02530674846625767
190,2020-08-21,North West,33,1269,0.026004728132387706
191,2020-08-28,North West,34,1148,0.029616724738675958
192,2020-09-04,North West,13,1057,0.01229895931882687
193,2020-09-11,North West,30,1229,0.024410089503661515
194,2020-09-18,North West,39,1287,0.030303030303030304
195,2020-09-25,North West,60,1271,0.04720692368214005
196,2020-10-02,North West,106,1301,0.08147578785549578
197,2020-10-09,North West,153,1367,0.1119239209948793
198,2020-10-16,North West,229,1553,0.14745653573728268
199,2020-10-23,North West,325,1714,0.1896149358226371
200,2020-10-30,North West,445,1754,0.2537058152793615
201,2020-11-06,North West,568,1900,0.29894736842105263
202,2020-11-13,North West,615,1950,0.3153846153846154
203,2020-11-20,North West,629,1935,0.32506459948320415
204,2020-11-27,North West,546,1791,0.304857621440536
205,2020-12-04,North West,458,1679,0.2727814175104229
206,2020-12-11,North West,426,1691,0.25192193968066234
207,2020-12-18,North West,379,1718,0.22060535506402795
208,2020-12-25,North West,343,1463,0.23444976076555024
209,2021-01-01,North West,359,1346,0.26671619613670133
210,2021-01-08,North West,608,2090,0.2909090909090909
211,2021-01-15,North West,731,2112,0.34611742424242425
212,2021-01-22,North West,879,2202,0.3991825613079019
213,2021-01-29,North West,910,2191,0.41533546325878595
214,2021-02-05,North West,870,2162,0.4024051803885291
215,2021-02-12,North West,698,2002,0.34865134865134867
216,2021-02-19,North West,563,1920,0.29322916666666665
217,2021-02-26,North West,396,1659,0.23869801084990958
218,2021-03-05,North West,274,1564,0.17519181585677748
219,2021-03-12,North West,203,1472,0.13790760869565216
220,2021-03-19,North West,139,1457,0.09540150995195608
221,2021-03-26,North West,106,1365,0.07765567765567766
222,2021-04-02,North West,64,1125,0.05688888888888889
223,2021-04-09,North West,49,1229,0.03986981285598047
224,2021-04-16,North West,51,1351,0.03774981495188749
225,2021-04-23,North West,29,1345,0.021561338289962824
226,2021-04-30,North West,28,1281,0.02185792349726776
227,2021-05-07,North West,16,1089,0.014692378328741965
228,2021-05-14,North West,15,1282,0.01170046801872075
229,2021-05-21,North West,8,1386,0.005772005772005772
230,2021-05-28,North West,14,1431,0.009783368273934312
231,2021-06-04,North West,28,1113,0.025157232704402517
232,2021-06-11,North West,14,1355,0.010332103321033211
233,2021-06-18,North West,21,1263,0.0166270783847981
234,2021-06-25,North West,33,1200,0.0275
235,2021-07-02,North West,41,1296,0.031635802469135804
236,2021-07-09,North West,66,1326,0.049773755656108594
237,2021-07-16,North West,71,1303,0.05448963929393707
238,2021-07-23,North West,97,1309,0.07410236822001529
239,2021-07-30,North West,93,1350,0.06888888888888889
240,2021-08-06,North West,99,1358,0.07290132547864507
241,2021-08-13,North West,101,1406,0.07183499288762446
242,2021-08-20,North West,90,1424,0.06320224719101124
243,2021-08-27,North West,101,1386,0.07287157287157287
244,2021-09-03,North West,92,1269,0.07249802994483845
245,2021-09-10,North West,116,1605,0.07227414330218068
246,2021-09-17,North West,143,1529,0.09352517985611511
247,2021-09-24,North West,137,1423,0.09627547434996486
248,2021-10-01,North West,92,1416,0.06497175141242938
249,2021-10-08,North West,90,1487,0.0605245460659045
250,2021-10-15,North West,105,1565,0.0670926517571885
251,2021-10-22,North West,129,1578,0.0817490494296578
252,2021-10-29,North West,142,1564,0.0907928388746803
253,2021-11-05,North West,138,1577,0.08750792644261256
254,2021-11-12,North West,136,1669,0.08148591971240264
255,2021-11-19,North West,145,1653,0.08771929824561403
256,2021-11-26,North West,109,1543,0.07064160725858717
257,2021-12-03,North West,119,1564,0.07608695652173914
258,2021-12-10,North West,94,1588,0.05919395465994962
259,2021-12-17,North West,108,1705,0.06334310850439882
260,2021-12-24,North West,124,1791,0.06923506420993858
261,2021-12-31,North West,80,1207,0.06628003314001657
262,2022-01-07,North West,149,1716,0.08682983682983683
263,2022-01-14,North West,237,1765,0.13427762039660057
264,2022-01-21,North West,219,1778,0.12317210348706412
265,2022-01-28,North West,197,1552,0.12693298969072164
266,2022-02-04,North West,177,1621,0.10919185687847008
267,2022-02-11,North West,149,1515,0.09834983498349835
268,2022-02-18,North West,110,1571,0.07001909611712286
269,2022-02-25,North West,86,1571,0.0547422024188415
270,2022-03-04,North West,73,1447,0.05044920525224603
271,2022-03-11,North West,79,1535,0.051465798045602605
272,2022-03-18,North West,69,1510,0.0456953642384106
273,2022-03-25,North West,95,1473,0.06449422946367957
274,2022-04-01,North West,126,1364,0.09237536656891496
275,2022-04-08,North West,120,1437,0.08350730688935282
276,2022-04-15,North West,111,1367,0.08119970738844184
277,2022-04-22,North West,117,1501,0.07794803464357095
278,2022-04-29,North West,132,1724,0.0765661252900232
279,2022-05-06,North West,100,1314,0.076103500761035
280,2022-05-13,North West,81,1614,0.05018587360594796
281,2022-05-20,North West,55,1522,0.03613666228646518
282,2022-05-27,North West,52,1456,0.03571428571428571
283,2022-06-03,North West,19,974,0.019507186858316223
284,2022-06-10,North West,37,1528,0.024214659685863876
285,2022-06-17,North West,33,1435,0.022996515679442508
286,2022-06-24,North West,42,1436,0.02924791086350975
287,2022-07-01,North West,51,1426,0.03576437587657784
288,2022-07-08,North West,55,1396,0.03939828080229226
289,2022-07-15,North West,72,1410,0.05106382978723404
290,2022-07-22,North West,90,1475,0.061016949152542375
291,2022-07-29,North West,82,1489,0.055070517125587644
292,2022-08-05,North West,84,1415,0.059363957597173146
293,2022-08-12,North West,78,1318,0.05918057663125948
294,2022-08-19,North West,76,1620,0.04691358024691358
295,2022-08-26,North West,60,1451,0.04135079255685734
296,2022-09-02,North West,40,1173,0.03410059676044331
297,2022-09-09,North West,44,1459,0.03015764222069911
298,2022-09-16,North West,34,1437,0.023660403618649965
299,2022-09-23,North West,24,1213,0.01978565539983512
300,2022-09-30,North West,49,1523,0.03217334208798424
301,2022-10-07,North West,52,1533,0.033920417482061316
302,2022-10-14,North West,80,1622,0.04932182490752158
303,2022-10-21,North West,82,1552,0.05283505154639175
304,2022-10-28,North West,76,1604,0.04738154613466334
305,2022-11-04,North West,77,1546,0.04980595084087969
306,2022-11-11,North West,58,1554,0.03732303732303732
307,2022-11-18,North West,55,1557,0.035324341682723186
308,2022-11-25,North West,37,1526,0.024246395806028834
309,2022-12-02,North West,42,1585,0.026498422712933754
310,2022-12-09,North West,38,1655,0.022960725075528703
311,2022-12-16,North West,52,1836,0.02832244008714597
312,2022-12-23,North West,51,2062,0.024733268671193017
313,2022-12-30,North West,55,1393,0.03948312993539124
314,2020-01-03,Yorkshire and The Humber,0,1240,0.0
315,2020-01-10,Yorkshire and The Humber,0,1339,0.0
316,2020-01-17,Yorkshire and The Humber,0,1278,0.0
317,2020-01-24,Yorkshire and The Humber,0,1187,0.0
318,2020-01-31,Yorkshire and The Humber,0,1136,0.0
319,2020-02-07,Yorkshire and The Humber,0,1072,0.0
320,2020-02-14,Yorkshire and The Humber,0,1059,0.0
321,2020-02-21,Yorkshire and The Humber,0,1087,0.0
322,2020-02-28,Yorkshire and The Humber,0,1078,0.0
323,2020-03-06,Yorkshire and The Humber,0,1112,0.0
324,2020-03-13,Yorkshire and The Humber,0,1053,0.0
325,2020-03-20,Yorkshire and The Humber,5,1012,0.004940711462450593
326,2020-03-27,Yorkshire and The Humber,12,982,0.012219959266802444
327,2020-04-03,Yorkshire and The Humber,174,1436,0.12116991643454039
328,2020-04-10,Yorkshire and The Humber,374,1503,0.2488356620093147
329,2020-04-17,Yorkshire and The Humber,690,1960,0.3520408163265306
330,2020-04-24,Yorkshire and The Humber,755,2095,0.360381861575179
331,2020-05-01,Yorkshire and The Humber,647,1844,0.35086767895878523
332,2020-05-08,Yorkshire and The Humber,432,1328,0.3253012048192771
333,2020-05-15,Yorkshire and The Humber,452,1589,0.2844556324732536
334,2020-05-22,Yorkshire and The Humber,297,1236,0.24029126213592233
335,2020-05-29,Yorkshire and The Humber,237,1046,0.22657743785850862
336,2020-06-05,Yorkshire and The Humber,210,1090,0.1926605504587156
337,2020-06-12,Yorkshire and The Humber,136,980,0.13877551020408163
338,2020-06-19,Yorkshire and The Humber,111,952,0.11659663865546219
339,2020-06-26,Yorkshire and The Humber,69,922,0.07483731019522777
340,2020-07-03,Yorkshire and The Humber,58,875,0.06628571428571428
341,2020-07-10,Yorkshire and The Humber,47,848,0.055424528301886794
342,2020-07-17,Yorkshire and The Humber,30,843,0.03558718861209965
343,2020-07-24,Yorkshire and The Humber,32,817,0.03916768665850673
344,2020-07-31,Yorkshire and The Humber,23,837,0.027479091995221028
345,2020-08-07,Yorkshire and The Humber,16,851,0.01880141010575793
346,2020-08-14,Yorkshire and The Humber,13,853,0.015240328253223915
347,2020-08-21,Yorkshire and The Humber,12,870,0.013793103448275862
348,2020-08-28,Yorkshire and The Humber,13,922,0.014099783080260303
349,2020-09-04,Yorkshire and The Humber,10,780,0.01282051282051282
350,2020-09-11,Yorkshire and The Humber,14,952,0.014705882352941176
351,2020-09-18,Yorkshire and The Humber,21,939,0.022364217252396165
352,2020-09-25,Yorkshire and The Humber,29,965,0.03005181347150259
353,2020-10-02,Yorkshire and The Humber,30,978,0.03067484662576687
354,2020-10-09,Yorkshire and The Humber,52,1067,0.04873477038425492
355,2020-10-16,Yorkshire and The Humber,87,1001,0.08691308691308691
356,2020-10-23,Yorkshire and The Humber,159,1111,0.14311431143114312
357,2020-10-30,Yorkshire and The Humber,204,1168,0.17465753424657535
358,2020-11-06,Yorkshire and The Humber,329,1294,0.2542503863987635
359,2020-11-13,Yorkshire and The Humber,450,1350,0.3333333333333333
360,2020-11-20,Yorkshire and The Humber,481,1441,0.3337959750173491
361,2020-11-27,Yorkshire and The Humber,537,1501,0.357761492338441
362,2020-12-04,Yorkshire and The Humber,444,1403,0.3164647184604419
363,2020-12-11,Yorkshire and The Humber,390,1326,0.29411764705882354
364,2020-12-18,Yorkshire and The Humber,394,1380,0.2855072463768116
365,2020-12-25,Yorkshire and The Humber,285,1130,0.252212389380531
366,2021-01-01,Yorkshire and The Humber,266,886,0.3002257336343115
367,2021-01-08,Yorkshire and The Humber,425,1640,0.25914634146341464
368,2021-01-15,Yorkshire and The Humber,394,1408,0.27982954545454547
369,2021-01-22,Yorkshire and The Humber,459,1426,0.32187938288920054
370,2021-01-29,Yorkshire and The Humber,462,1485,0.3111111111111111
371,2021-02-05,Yorkshire and The Humber,385,1326,0.29034690799396684
372,2021-02-12,Yorkshire and The Humber,347,1274,0.27237048665620095
373,2021-02-19,Yorkshire and The Humber,320,1261,0.253766851704996
374,2021-02-26,Yorkshire and The Humber,249,1196,0.20819397993311037
375,2021-03-05,Yorkshire and The Humber,187,1100,0.17
376,2021-03-12,Yorkshire and The Humber,139,1037,0.13404050144648022
377,2021-03-19,Yorkshire and The Humber,110,1031,0.1066925315227934
378,2021-03-26,Yorkshire and The Humber,66,1016,0.06496062992125984
379,2021-04-02,Yorkshire and The Humber,37,848,0.04363207547169811
380,2021-04-09,Yorkshire and The Humber,52,930,0.05591397849462366
381,2021-04-16,Yorkshire and The Humber,39,1004,0.03884462151394422
382,2021-04-23,Yorkshire and The Humber,49,1001,0.04895104895104895
383,2021-04-30,Yorkshire and The Humber,20,943,0.021208907741251327
384,2021-05-07,Yorkshire and The Humber,12,775,0.015483870967741935
385,2021-05-14,Yorkshire and The Humber,29,1060,0.027358490566037737
386,2021-05-21,Yorkshire and The Humber,10,1006,0.009940357852882704
387,2021-05-28,Yorkshire and The Humber,9,903,0.009966777408637873
388,2021-06-04,Yorkshire and The Humber,11,784,0.01403061224489796
389,2021-06-11,Yorkshire and The Humber,6,1025,0.005853658536585366
390,2021-06-18,Yorkshire and The Humber,12,975,0.012307692307692308
391,2021-06-25,Yorkshire and The Humber,7,839,0.00834326579261025
392,2021-07-02,Yorkshire and The Humber,10,849,0.011778563015312132
393,2021-07-09,Yorkshire and The Humber,15,922,0.016268980477223426
394,2021-07-16,Yorkshire and The Humber,15,999,0.015015015015015015
395,2021-07-23,Yorkshire and The Humber,35,942,0.037154989384288746
396,2021-07-30,Yorkshire and The Humber,65,987,0.06585612968591692
397,2021-08-06,Yorkshire and The Humber,57,965,0.05906735751295337
398,2021-08-13,Yorkshire and The Humber,78,1099,0.07097361237488627
399,2021-08-20,Yorkshire and The Humber,100,1038,0.09633911368015415
400,2021-08-27,Yorkshire and The Humber,83,1064,0.07800751879699248
401,2021-09-03,Yorkshire and The Humber,87,928,0.09375
402,2021-09-10,Yorkshire and The Humber,107,1072,0.09981343283582089
403,2021-09-17,Yorkshire and The Humber,113,1101,0.10263396911898275
404,2021-09-24,Yorkshire and The Humber,99,1056,0.09375
405,2021-10-01,Yorkshire and The Humber,100,1005,0.09950248756218906
406,2021-10-08,Yorkshire and The Humber,75,992,0.07560483870967742
407,2021-10-15,Yorkshire and The Humber,78,1019,0.07654563297350343
408,2021-10-22,Yorkshire and The Humber,113,1149,0.09834638816362054
409,2021-10-29,Yorkshire and The Humber,95,1147,0.08282476024411509
410,2021-11-05,Yorkshire and The Humber,120,1180,0.1016949152542373
411,2021-11-12,Yorkshire and The Humber,132,1235,0.10688259109311742
412,2021-11-19,Yorkshire and The Humber,106,1266,0.08372827804107424
413,2021-11-26,Yorkshire and The Humber,94,1152,0.08159722222222222
414,2021-12-03,Yorkshire and The Humber,88,1221,0.07207207207207207
415,2021-12-10,Yorkshire and The Humber,84,1195,0.07029288702928871
416,2021-12-17,Yorkshire and The Humber,60,1204,0.04983388704318937
417,2021-12-24,Yorkshire and The Humber,64,1245,0.05140562248995984
418,2021-12-31,Yorkshire and The Humber,51,796,0.06407035175879397
419,2022-01-07,Yorkshire and The Humber,71,1316,0.053951367781155016
420,2022-01-14,Yorkshire and The Humber,108,1291,0.08365608055770721
421,2022-01-21,Yorkshire and The Humber,147,1258,0.11685214626391097
422,2022-01-28,Yorkshire and The Humber,164,1307,0.12547819433817903
423,2022-02-04,Yorkshire and The Humber,150,1204,0.12458471760797342
424,2022-02-11,Yorkshire and The Humber,95,1141,0.08326029798422437
425,2022-02-18,Yorkshire and The Humber,89,1080,0.0824074074074074
426,2022-02-25,Yorkshire and The Humber,66,1060,0.062264150943396226
427,2022-03-04,Yorkshire and The Humber,64,1051,0.060894386298763085
428,2022-03-11,Yorkshire and The Humber,54,1090,0.04954128440366973
429,2022-03-18,Yorkshire and The Humber,65,1056,0.061553030303030304
430,2022-03-25,Yorkshire and The Humber,80,1068,0.0749063670411985
431,2022-04-01,Yorkshire and The Humber,87,1023,0.08504398826979472
432,2022-04-08,Yorkshire and The Humber,115,1154,0.09965337954939342
433,2022-04-15,Yorkshire and The Humber,115,979,0.11746680286006128
434,2022-04-22,Yorkshire and The Humber,81,1041,0.07780979827089338
435,2022-04-29,Yorkshire and The Humber,132,1280,0.103125
436,2022-05-06,Yorkshire and The Humber,76,999,0.07607607607607608
437,2022-05-13,Yorkshire and The Humber,80,1180,0.06779661016949153
438,2022-05-20,Yorkshire and The Humber,52,1083,0.04801477377654663
439,2022-05-27,Yorkshire and The Humber,34,1025,0.033170731707317075
440,2022-06-03,Yorkshire and The Humber,13,621,0.020933977455716585
441,2022-06-10,Yorkshire and The Humber,31,1101,0.02815622161671208
442,2022-06-17,Yorkshire and The Humber,25,1117,0.022381378692927483
443,2022-06-24,Yorkshire and The Humber,28,1098,0.025500910746812388
444,2022-07-01,Yorkshire and The Humber,24,1017,0.02359882005899705
445,2022-07-08,Yorkshire and The Humber,41,975,0.04205128205128205
446,2022-07-15,Yorkshire and The Humber,49,1050,0.04666666666666667
447,2022-07-22,Yorkshire and The Humber,66,1100,0.06
448,2022-07-29,Yorkshire and The Humber,77,1069,0.07202993451824134
449,2022-08-05,Yorkshire and The Humber,65,960,0.06770833333333333
450,2022-08-12,Yorkshire and The Humber,56,1029,0.05442176870748299
451,2022-08-19,Yorkshire and The Humber,72,1087,0.06623735050597976
452,2022-08-26,Yorkshire and The Humber,37,1101,0.03360581289736603
453,2022-09-02,Yorkshire and The Humber,30,835,0.03592814371257485
454,2022-09-09,Yorkshire and The Humber,26,1021,0.025465230166503428
455,2022-09-16,Yorkshire and The Humber,44,995,0.044221105527638194
456,2022-09-23,Yorkshire and The Humber,21,798,0.02631578947368421
457,2022-09-30,Yorkshire and The Humber,35,1083,0.032317636195752536
458,2022-10-07,Yorkshire and The Humber,54,1136,0.04753521126760563
459,2022-10-14,Yorkshire and The Humber,76,1175,0.06468085106382979
460,2022-10-21,Yorkshire and The Humber,72,1173,0.061381074168797956
461,2022-10-28,Yorkshire and The Humber,69,1176,0.058673469387755105
462,2022-11-04,Yorkshire and The Humber,75,1167,0.06426735218508997
463,2022-11-11,Yorkshire and The Humber,46,1201,0.038301415487094086
464,2022-11-18,Yorkshire and The Humber,51,1248,0.040865384615384616
465,2022-11-25,Yorkshire and The Humber,33,1150,0.028695652173913042
466,2022-12-02,Yorkshire and The Humber,29,1100,0.026363636363636363
467,2022-12-09,Yorkshire and The Humber,23,1159,0.01984469370146678
468,2022-12-16,Yorkshire and The Humber,35,1264,0.027689873417721517
469,2022-12-23,Yorkshire and The Humber,32,1559,0.02052597819114817
470,2022-12-30,Yorkshire and The Humber,39,897,0.043478260869565216
471,2020-01-03,East Midlands,0,1060,0.0
472,2020-01-10,East Midlands,0,1195,0.0
473,2020-01-17,East Midlands,0,1106,0.0
474,2020-01-24,East Midlands,0,1024,0.0
475,2020-01-31,East Midlands,0,1015,0.0
476,2020-02-07,East Midlands,0,922,0.0
477,2020-02-14,East Midlands,0,976,0.0
478,2020-02-21,East Midlands,0,924,0.0
479,2020-02-28,East Midlands,0,919,0.0
480,2020-03-06,East Midlands,0,930,0.0
481,2020-03-13,East Midlands,0,915,0.0
482,2020-03-20,East Midlands,3,947,0.0031678986272439284
483,2020-03-27,East Midlands,24,922,0.026030368763557483
484,2020-04-03,East Midlands,185,1246,0.14847512038523275
485,2020-04-10,East Midlands,424,1452,0.29201101928374656
486,2020-04-17,East Midlands,558,1632,0.34191176470588236
487,2020-04-24,East Midlands,562,1711,0.32846288720046757
488,2020-05-01,East Midlands,438,1418,0.30888575458392104
489,2020-05-08,East Midlands,334,1094,0.3053016453382084
490,2020-05-15,East Midlands,319,1283,0.24863600935307872
491,2020-05-22,East Midlands,222,1041,0.2132564841498559
492,2020-05-29,East Midlands,180,863,0.2085747392815759
493,2020-06-05,East Midlands,152,931,0.16326530612244897
494,2020-06-12,East Midlands,135,967,0.13960703205791106
495,2020-06-19,East Midlands,96,835,0.11497005988023952
496,2020-06-26,East Midlands,89,800,0.11125
497,2020-07-03,East Midlands,62,827,0.07496977025392987
498,2020-07-10,East Midlands,34,771,0.04409857328145266
499,2020-07-17,East Midlands,31,816,0.03799019607843137
500,2020-07-24,East Midlands,35,798,0.043859649122807015
501,2020-07-31,East Midlands,23,729,0.03155006858710562
502,2020-08-07,East Midlands,16,798,0.020050125313283207
503,2020-08-14,East Midlands,6,829,0.007237635705669481
504,2020-08-21,East Midlands,21,780,0.026923076923076925
505,2020-08-28,East Midlands,6,724,0.008287292817679558
506,2020-09-04,East Midlands,10,640,0.015625
507,2020-09-11,East Midlands,10,867,0.011534025374855825
508,2020-09-18,East Midlands,14,795,0.01761006289308176
509,2020-09-25,East Midlands,11,825,0.013333333333333334
510,2020-10-02,East Midlands,15,842,0.017814726840855107
511,2020-10-09,East Midlands,21,884,0.023755656108597284
512,2020-10-16,East Midlands,40,904,0.04424778761061947
513,2020-10-23,East Midlands,79,891,0.08866442199775533
514,2020-10-30,East Midlands,121,882,0.13718820861678005
515,2020-11-06,East Midlands,191,990,0.19292929292929292
516,2020-11-13,East Midlands,245,1099,0.2229299363057325
517,2020-11-20,East Midlands,289,1105,0.26153846153846155
518,2020-11-27,East Midlands,361,1218,0.2963875205254516
519,2020-12-04,East Midlands,323,1121,0.288135593220339
520,2020-12-11,East Midlands,334,1199,0.2785654712260217
521,2020-12-18,East Midlands,337,1199,0.2810675562969141
522,2020-12-25,East Midlands,337,1097,0.3072014585232452
523,2021-01-01,East Midlands,249,842,0.29572446555819476
524,2021-01-08,East Midlands,440,1414,0.31117397454031115
525,2021-01-15,East Midlands,500,1402,0.3566333808844508
526,2021-01-22,East Midlands,605,1496,0.40441176470588236
527,2021-01-29,East Midlands,610,1403,0.43478260869565216
528,2021-02-05,East Midlands,564,1406,0.4011379800853485
529,2021-02-12,East Midlands,557,1456,0.38255494505494503
530,2021-02-19,East Midlands,382,1244,0.3070739549839228
531,2021-02-26,East Midlands,277,1092,0.25366300366300365
532,2021-03-05,East Midlands,234,1091,0.21448212648945922
533,2021-03-12,East Midlands,162,999,0.16216216216216217
534,2021-03-19,East Midlands,103,891,0.11560044893378227
535,2021-03-26,East Midlands,100,929,0.10764262648008611
536,2021-04-02,East Midlands,47,655,0.0717557251908397
537,2021-04-09,East Midlands,44,850,0.05176470588235294
538,2021-04-16,East Midlands,36,944,0.038135593220338986
539,2021-04-23,East Midlands,20,849,0.023557126030624265
540,2021-04-30,East Midlands,21,814,0.025798525798525797
541,2021-05-07,East Midlands,10,700,0.014285714285714285
542,2021-05-14,East Midlands,14,921,0.01520086862106406
543,2021-05-21,East Midlands,7,850,0.00823529411764706
544,2021-05-28,East Midlands,4,830,0.004819277108433735
545,2021-06-04,East Midlands,10,641,0.015600624024960999
546,2021-06-11,East Midlands,10,874,0.011441647597254004
547,2021-06-18,East Midlands,11,893,0.012318029115341545
548,2021-06-25,East Midlands,8,726,0.011019283746556474
549,2021-07-02,East Midlands,4,728,0.005494505494505495
550,2021-07-09,East Midlands,12,821,0.014616321559074299
551,2021-07-16,East Midlands,9,777,0.011583011583011582
552,2021-07-23,East Midlands,18,901,0.01997780244173141
553,2021-07-30,East Midlands,23,869,0.026467203682393557
554,2021-08-06,East Midlands,37,866,0.042725173210161664
555,2021-08-13,East Midlands,46,950,0.04842105263157895
556,2021-08-20,East Midlands,49,958,0.0511482254697286
557,2021-08-27,East Midlands,60,900,0.06666666666666667
558,2021-09-03,East Midlands,78,789,0.09885931558935361
559,2021-09-10,East Midlands,77,923,0.08342361863488625
560,2021-09-17,East Midlands,69,948,0.07278481012658228
561,2021-09-24,East Midlands,93,953,0.09758656873032528
562,2021-10-01,East Midlands,70,900,0.07777777777777778
563,2021-10-08,East Midlands,65,885,0.07344632768361582
564,2021-10-15,East Midlands,68,1026,0.06627680311890838
565,2021-10-22,East Midlands,70,905,0.07734806629834254
566,2021-10-29,East Midlands,72,921,0.0781758957654723
567,2021-11-05,East Midlands,82,966,0.08488612836438923
568,2021-11-12,East Midlands,83,1007,0.08242303872889771
569,2021-11-19,East Midlands,104,1044,0.09961685823754789
570,2021-11-26,East Midlands,88,1013,0.08687068114511352
571,2021-12-03,East Midlands,83,1017,0.08161258603736479
572,2021-12-10,East Midlands,84,1118,0.07513416815742398
573,2021-12-17,East Midlands,76,1040,0.07307692307692308
574,2021-12-24,East Midlands,87,1104,0.07880434782608696
575,2021-12-31,East Midlands,69,753,0.09163346613545817
576,2022-01-07,East Midlands,76,1098,0.0692167577413479
577,2022-01-14,East Midlands,128,1158,0.11053540587219343
578,2022-01-21,East Midlands,118,1031,0.11445198836081474
579,2022-01-28,East Midlands,124,1046,0.11854684512428298
580,2022-02-04,East Midlands,112,1006,0.11133200795228629
581,2022-02-11,East Midlands,97,1012,0.0958498023715415
582,2022-02-18,East Midlands,87,1040,0.08365384615384615
583,2022-02-25,East Midlands,73,993,0.07351460221550855
584,2022-03-04,East Midlands,53,988,0.053643724696356275
585,2022-03-11,East Midlands,68,924,0.0735930735930736
586,2022-03-18,East Midlands,68,908,0.07488986784140969
587,2022-03-25,East Midlands,66,888,0.07432432432432433
588,2022-04-01,East Midlands,61,783,0.07790549169859515
589,2022-04-08,East Midlands,73,857,0.08518086347724621
590,2022-04-15,East Midlands,85,862,0.09860788863109049
591,2022-04-22,East Midlands,93,999,0.09309309309309309
592,2022-04-29,East Midlands,94,1062,0.08851224105461393
593,2022-05-06,East Midlands,54,841,0.06420927467300833
594,2022-05-13,East Midlands,74,1071,0.06909430438842204
595,2022-05-20,East Midlands,56,1015,0.05517241379310345
596,2022-05-27,East Midlands,36,907,0.03969128996692393
597,2022-06-03,East Midlands,29,583,0.04974271012006861
598,2022-06-10,East Midlands,23,1017,0.02261553588987217
599,2022-06-17,East Midlands,18,952,0.018907563025210083
600,2022-06-24,East Midlands,26,981,0.026503567787971458
601,2022-07-01,East Midlands,24,905,0.026519337016574586
602,2022-07-08,East Midlands,42,915,0.04590163934426229
603,2022-07-15,East Midlands,49,862,0.0568445475638051
604,2022-07-22,East Midlands,79,1006,0.07852882703777336
605,2022-07-29,East Midlands,87,972,0.08950617283950617
606,2022-08-05,East Midlands,78,913,0.08543263964950712
607,2022-08-12,East Midlands,47,910,0.051648351648351645
608,2022-08-19,East Midlands,47,956,0.049163179916317995
609,2022-08-26,East Midlands,43,931,0.04618689581095596
610,2022-09-02,East Midlands,39,780,0.05
611,2022-09-09,East Midlands,41,896,0.04575892857142857
612,2022-09-16,East Midlands,31,879,0.03526734926052332
613,2022-09-23,East Midlands,18,795,0.022641509433962263
614,2022-09-30,East Midlands,28,966,0.028985507246376812
615,2022-10-07,East Midlands,38,973,0.03905447070914697
616,2022-10-14,East Midlands,56,1015,0.05517241379310345
617,2022-10-21,East Midlands,62,1043,0.059443911792905084
618,2022-10-28,East Midlands,63,935,0.06737967914438503
619,2022-11-04,East Midlands,65,1011,0.06429277942631058
620,2022-11-11,East Midlands,62,981,0.06320081549439348
621,2022-11-18,East Midlands,45,1042,0.04318618042226487
622,2022-11-25,East Midlands,27,979,0.027579162410623085
623,2022-12-02,East Midlands,42,954,0.0440251572327044
624,2022-12-09,East Midlands,32,1021,0.031341821743388835
625,2022-12-16,East Midlands,37,1067,0.03467666354264293
626,2022-12-23,East Midlands,34,1199,0.02835696413678065
627,2022-12-30,East Midlands,31,923,0.03358613217768147
628,2020-01-03,West Midlands,0,1349,0.0
629,2020-01-10,West Midlands,0,1450,0.0
630,2020-01-17,West Midlands,0,1407,0.0
631,2020-01-24,West Midlands,0,1231,0.0
632,2020-01-31,West Midlands,0,1262,0.0
633,2020-02-07,West Midlands,0,1052,0.0
634,2020-02-14,West Midlands,0,1159,0.0
635,2020-02-21,West Midlands,0,1116,0.0
636,2020-02-28,West Midlands,0,1174,0.0
637,2020-03-06,West Midlands,0,1098,0.0
638,2020-03-13,West Midlands,2,1187,0.0016849199663016006
639,2020-03-20,West Midlands,14,1115,0.012556053811659192
640,2020-03-27,West Midlands,67,1035,0.0647342995169082
641,2020-04-03,West Midlands,400,1812,0.22075055187637968
642,2020-04-10,West Midlands,807,2182,0.3698441796516957
643,2020-04-17,West Midlands,999,2536,0.3939274447949527
644,2020-04-24,West Midlands,880,2481,0.354695687222894
645,2020-05-01,West Midlands,651,1975,0.32962025316455695
646,2020-05-08,West Midlands,443,1326,0.33408748114630465
647,2020-05-15,West Midlands,382,1502,0.25432756324900135
648,2020-05-22,West Midlands,290,1319,0.21986353297952996
649,2020-05-29,West Midlands,184,970,0.18969072164948453
650,2020-06-05,West Midlands,158,1172,0.1348122866894198
651,2020-06-12,West Midlands,104,1096,0.0948905109489051
652,2020-06-19,West Midlands,93,973,0.09558067831449127
653,2020-06-26,West Midlands,69,946,0.07293868921775898
654,2020-07-03,West Midlands,49,949,0.051633298208640675
655,2020-07-10,West Midlands,48,902,0.05321507760532151
656,2020-07-17,West Midlands,25,956,0.02615062761506276
657,2020-07-24,West Midlands,15,964,0.015560165975103735
658,2020-07-31,West Midlands,17,902,0.018847006651884702
659,2020-08-07,West Midlands,13,933,0.013933547695605574
660,2020-08-14,West Midlands,14,923,0.015167930660888408
661,2020-08-21,West Midlands,10,1028,0.009727626459143969
662,2020-08-28,West Midlands,5,945,0.005291005291005291
663,2020-09-04,West Midlands,9,770,0.011688311688311689
664,2020-09-11,West Midlands,7,1021,0.0068560235063663075
665,2020-09-18,West Midlands,15,1051,0.014272121788772598
666,2020-09-25,West Midlands,33,1036,0.03185328185328185
667,2020-10-02,West Midlands,31,1045,0.02966507177033493
668,2020-10-09,West Midlands,43,1053,0.04083570750237417
669,2020-10-16,West Midlands,49,1154,0.04246100519930676
670,2020-10-23,West Midlands,80,1124,0.0711743772241993
671,2020-10-30,West Midlands,110,1102,0.0998185117967332
672,2020-11-06,West Midlands,181,1186,0.15261382799325462
673,2020-11-13,West Midlands,284,1317,0.21564160971905846
674,2020-11-20,West Midlands,306,1385,0.22093862815884477
675,2020-11-27,West Midlands,361,1358,0.2658321060382916
676,2020-12-04,West Midlands,381,1340,0.28432835820895525
677,2020-12-11,West Midlands,376,1432,0.26256983240223464
678,2020-12-18,West Midlands,373,1385,0.26931407942238267
679,2020-12-25,West Midlands,316,1217,0.25965488907148726
680,2021-01-01,West Midlands,302,1024,0.294921875
681,2021-01-08,West Midlands,550,1785,0.3081232492997199
682,2021-01-15,West Midlands,716,1820,0.3934065934065934
683,2021-01-22,West Midlands,844,1925,0.43844155844155847
684,2021-01-29,West Midlands,870,1926,0.4517133956386293
685,2021-02-05,West Midlands,824,1886,0.4369034994697773
686,2021-02-12,West Midlands,657,1670,0.3934131736526946
687,2021-02-19,West Midlands,530,1592,0.33291457286432163
688,2021-02-26,West Midlands,391,1401,0.2790863668807994
689,2021-03-05,West Midlands,245,1250,0.196
690,2021-03-12,West Midlands,183,1182,0.1548223350253807
691,2021-03-19,West Midlands,107,1101,0.0971843778383288
692,2021-03-26,West Midlands,84,1075,0.07813953488372093
693,2021-04-02,West Midlands,46,881,0.05221339387060159
694,2021-04-09,West Midlands,45,888,0.05067567567567568
695,2021-04-16,West Midlands,48,1073,0.04473438956197577
696,2021-04-23,West Midlands,30,1057,0.02838221381267739
697,2021-04-30,West Midlands,24,982,0.024439918533604887
698,2021-05-07,West Midlands,11,788,0.013959390862944163
699,2021-05-14,West Midlands,14,1112,0.012589928057553957
700,2021-05-21,West Midlands,16,1038,0.015414258188824663
701,2021-05-28,West Midlands,10,968,0.010330578512396695
702,2021-06-04,West Midlands,14,804,0.017412935323383085
703,2021-06-11,West Midlands,7,1022,0.00684931506849315
704,2021-06-18,West Midlands,8,928,0.008620689655172414
705,2021-06-25,West Midlands,11,869,0.012658227848101266
706,2021-07-02,West Midlands,9,891,0.010101010101010102
707,2021-07-09,West Midlands,20,1099,0.018198362147406732
708,2021-07-16,West Midlands,29,1056,0.027462121212121212
709,2021-07-23,West Midlands,36,1039,0.03464870067372473
710,2021-07-30,West Midlands,38,1058,0.035916824196597356
711,2021-08-06,West Midlands,66,1103,0.05983680870353581
712,2021-08-13,West Midlands,60,1067,0.056232427366447985
713,2021-08-20,West Midlands,82,1027,0.0798442064264849
714,2021-08-27,West Midlands,75,1008,0.0744047619047619
715,2021-09-03,West Midlands,77,906,0.08498896247240618
716,2021-09-10,West Midlands,108,1152,0.09375
717,2021-09-17,West Midlands,108,1203,0.08977556109725686
718,2021-09-24,West Midlands,104,1098,0.0947176684881603
719,2021-10-01,West Midlands,72,1094,0.06581352833638025
720,2021-10-08,West Midlands,60,1171,0.05123825789923143
721,2021-10-15,West Midlands,83,1196,0.06939799331103678
722,2021-10-22,West Midlands,94,1201,0.07826810990840966
723,2021-10-29,West Midlands,98,1071,0.0915032679738562
724,2021-11-05,West Midlands,97,1155,0.08398268398268398
725,2021-11-12,West Midlands,106,1335,0.07940074906367041
726,2021-11-19,West Midlands,105,1275,0.08235294117647059
727,2021-11-26,West Midlands,88,1263,0.06967537608867776
728,2021-12-03,West Midlands,89,1229,0.07241659886086249
729,2021-12-10,West Midlands,87,1215,0.07160493827160494
730,2021-12-17,West Midlands,73,1333,0.05476369092273068
731,2021-12-24,West Midlands,81,1364,0.0593841642228739
732,2021-12-31,West Midlands,59,879,0.0671217292377702
733,2022-01-07,West Midlands,74,1291,0.05731990704879938
734,2022-01-14,West Midlands,144,1403,0.10263720598717035
735,2022-01-21,West Midlands,166,1370,0.12116788321167883
736,2022-01-28,West Midlands,150,1405,0.10676156583629894
737,2022-02-04,West Midlands,136,1245,0.10923694779116466
738,2022-02-11,West Midlands,131,1247,0.10505212510024058
739,2022-02-18,West Midlands,98,1216,0.0805921052631579
740,2022-02-25,West Midlands,83,1174,0.0706984667802385
741,2022-03-04,West Midlands,73,1101,0.06630336058128973
742,2022-03-11,West Midlands,80,1221,0.06552006552006552
743,2022-03-18,West Midlands,77,1088,0.07077205882352941
744,2022-03-25,West Midlands,81,1098,0.07377049180327869
745,2022-04-01,West Midlands,78,977,0.07983623336745138
746,2022-04-08,West Midlands,83,1165,0.07124463519313305
747,2022-04-15,West Midlands,102,1019,0.10009813542688911
748,2022-04-22,West Midlands,112,1070,0.10467289719626169
749,2022-04-29,West Midlands,112,1259,0.08895949166004766
750,2022-05-06,West Midlands,79,1044,0.07567049808429119
751,2022-05-13,West Midlands,87,1323,0.06575963718820861
752,2022-05-20,West Midlands,67,1231,0.054427294882209584
753,2022-05-27,West Midlands,43,1159,0.03710094909404659
754,2022-06-03,West Midlands,25,662,0.0377643504531722
755,2022-06-10,West Midlands,35,1195,0.029288702928870293
756,2022-06-17,West Midlands,11,1035,0.010628019323671498
757,2022-06-24,West Midlands,25,1079,0.023169601482854494
758,2022-07-01,West Midlands,28,1032,0.027131782945736434
759,2022-07-08,West Midlands,44,1070,0.041121495327102804
760,2022-07-15,West Midlands,58,1039,0.05582290664100096
761,2022-07-22,West Midlands,86,1151,0.07471763683753258
762,2022-07-29,West Midlands,93,1129,0.08237378210806023
763,2022-08-05,West Midlands,83,1132,0.07332155477031801
764,2022-08-12,West Midlands,58,1050,0.05523809523809524
765,2022-08-19,West Midlands,56,1100,0.05090909090909091
766,2022-08-26,West Midlands,54,1146,0.04712041884816754
767,2022-09-02,West Midlands,38,994,0.03822937625754527
768,2022-09-09,West Midlands,49,1136,0.043133802816901406
769,2022-09-16,West Midlands,28,1124,0.02491103202846975
770,2022-09-23,West Midlands,37,914,0.04048140043763676
771,2022-09-30,West Midlands,28,1147,0.024411508282476024
772,2022-10-07,West Midlands,46,1157,0.03975799481417459
773,2022-10-14,West Midlands,57,1225,0.04653061224489796
774,2022-10-21,West Midlands,75,1222,0.06137479541734861
775,2022-10-28,West Midlands,54,1025,0.05268292682926829
776,2022-11-04,West Midlands,55,1205,0.04564315352697095
777,2022-11-11,West Midlands,42,1181,0.03556308213378493
778,2022-11-18,West Midlands,42,1229,0.03417412530512612
779,2022-11-25,West Midlands,36,1241,0.029008863819500404
780,2022-12-02,West Midlands,24,1127,0.02129547471162378
781,2022-12-09,West Midlands,35,1210,0.028925619834710745
782,2022-12-16,West Midlands,36,1262,0.028526148969889066
783,2022-12-23,West Midlands,46,1494,0.030789825970548863
784,2022-12-30,West Midlands,30,931,0.0322234156820623
785,2020-01-03,Eastern,0,1162,0.0
786,2020-01-10,Eastern,0,1573,0.0
787,2020-01-17,Eastern,0,1457,0.0
788,2020-01-24,Eastern,0,1410,0.0
789,2020-01-31,Eastern,0,1286,0.0
790,2020-02-07,Eastern,0,1259,0.0
791,2020-02-14,Eastern,0,1172,0.0
792,2020-02-21,Eastern,0,1167,0.0
793,2020-02-28,Eastern,0,1115,0.0
794,2020-03-06,Eastern,0,1149,0.0
795,2020-03-13,Eastern,0,1211,0.0
796,2020-03-20,Eastern,3,1043,0.0028763183125599234
797,2020-03-27,Eastern,12,1182,0.01015228426395939
798,2020-04-03,Eastern,283,1717,0.1648223645894001
799,2020-04-10,Eastern,564,1984,0.2842741935483871
800,2020-04-17,Eastern,835,2466,0.3386050283860503
801,2020-04-24,Eastern,814,2299,0.35406698564593303
802,2020-05-01,Eastern,631,1982,0.31836528758829463
803,2020-05-08,Eastern,373,1321,0.28236184708554124
804,2020-05-15,Eastern,401,1543,0.25988334413480235
805,2020-05-22,Eastern,295,1397,0.21116678596993557
806,2020-05-29,Eastern,204,1095,0.1863013698630137
807,2020-06-05,Eastern,188,1131,0.16622458001768348
808,2020-06-12,Eastern,122,1048,0.11641221374045801
809,2020-06-19,Eastern,77,927,0.08306364617044229
810,2020-06-26,Eastern,59,880,0.06704545454545455
811,2020-07-03,Eastern,67,922,0.07266811279826464
812,2020-07-10,Eastern,48,999,0.04804804804804805
813,2020-07-17,Eastern,45,945,0.047619047619047616
814,2020-07-24,Eastern,23,951,0.024185068349106203
815,2020-07-31,Eastern,14,949,0.014752370916754479
816,2020-08-07,Eastern,11,955,0.011518324607329843
817,2020-08-14,Eastern,11,1006,0.010934393638170975
818,2020-08-21,Eastern,7,1024,0.0068359375
819,2020-08-28,Eastern,16,951,0.016824395373291272
820,2020-09-04,Eastern,6,806,0.007444168734491315
821,2020-09-11,Eastern,8,1052,0.0076045627376425855
822,2020-09-18,Eastern,8,1023,0.007820136852394917
823,2020-09-25,Eastern,10,963,0.010384215991692628
824,2020-10-02,Eastern,14,1054,0.013282732447817837
825,2020-10-09,Eastern,11,1019,0.010794896957801767
826,2020-10-16,Eastern,33,1056,0.03125
827,2020-10-23,Eastern,38,1154,0.03292894280762565
828,2020-10-30,Eastern,65,1089,0.05968778696051423
829,2020-11-06,Eastern,116,1177,0.09855564995751911
830,2020-11-13,Eastern,132,1172,0.11262798634812286
831,2020-11-20,Eastern,131,1186,0.11045531197301856
832,2020-11-27,Eastern,155,1159,0.13373597929249353
833,2020-12-04,Eastern,182,1229,0.14808787632221318
834,2020-12-11,Eastern,201,1224,0.1642156862745098
835,2020-12-18,Eastern,237,1317,0.17995444191343962
836,2020-12-25,Eastern,301,1198,0.25125208681135225
837,2021-01-01,Eastern,325,997,0.3259779338014042
838,2021-01-08,Eastern,816,2082,0.3919308357348703
839,2021-01-15,Eastern,1096,2240,0.48928571428571427
840,2021-01-22,Eastern,1216,2267,0.5363917071018968
841,2021-01-29,Eastern,1297,2350,0.5519148936170213
842,2021-02-05,Eastern,1098,2166,0.5069252077562327
843,2021-02-12,Eastern,808,1866,0.4330117899249732
844,2021-02-19,Eastern,566,1581,0.35800126502213786
845,2021-02-26,Eastern,337,1403,0.24019957234497505
846,2021-03-05,Eastern,277,1309,0.21161191749427044
847,2021-03-12,Eastern,182,1225,0.14857142857142858
848,2021-03-19,Eastern,112,1029,0.10884353741496598
849,2021-03-26,Eastern,68,988,0.06882591093117409
850,2021-04-02,Eastern,43,841,0.05112960760998811
851,2021-04-09,Eastern,40,950,0.042105263157894736
852,2021-04-16,Eastern,33,1153,0.028620988725065046
853,2021-04-23,Eastern,33,1054,0.031309297912713474
854,2021-04-30,Eastern,20,1062,0.018832391713747645
855,2021-05-07,Eastern,13,841,0.015457788347205707
856,2021-05-14,Eastern,20,1031,0.019398642095053348
857,2021-05-21,Eastern,12,1013,0.011846001974333662
858,2021-05-28,Eastern,11,992,0.011088709677419355
859,2021-06-04,Eastern,5,783,0.006385696040868455
860,2021-06-11,Eastern,9,1098,0.00819672131147541
861,2021-06-18,Eastern,9,987,0.00911854103343465
862,2021-06-25,Eastern,5,909,0.005500550055005501
863,2021-07-02,Eastern,6,899,0.006674082313681869
864,2021-07-09,Eastern,11,1092,0.010073260073260074
865,2021-07-16,Eastern,12,1027,0.011684518013631937
866,2021-07-23,Eastern,21,968,0.02169421487603306
867,2021-07-30,Eastern,25,1060,0.02358490566037736
868,2021-08-06,Eastern,33,1062,0.031073446327683617
869,2021-08-13,Eastern,45,1091,0.04124656278643447
870,2021-08-20,Eastern,42,995,0.04221105527638191
871,2021-08-27,Eastern,51,1044,0.04885057471264368
872,2021-09-03,Eastern,65,924,0.07034632034632035
873,2021-09-10,Eastern,70,1112,0.06294964028776978
874,2021-09-17,Eastern,68,1128,0.06028368794326241
875,2021-09-24,Eastern,81,1157,0.07000864304235091
876,2021-10-01,Eastern,62,1095,0.05662100456621005
877,2021-10-08,Eastern,38,1074,0.035381750465549346
878,2021-10-15,Eastern,52,1167,0.044558697514995714
879,2021-10-22,Eastern,51,1194,0.04271356783919598
880,2021-10-29,Eastern,84,1125,0.07466666666666667
881,2021-11-05,Eastern,97,1252,0.07747603833865814
882,2021-11-12,Eastern,97,1272,0.07625786163522012
883,2021-11-19,Eastern,86,1290,0.06666666666666667
884,2021-11-26,Eastern,88,1203,0.07315045719035744
885,2021-12-03,Eastern,63,1262,0.04992076069730586
886,2021-12-10,Eastern,79,1318,0.05993930197268589
887,2021-12-17,Eastern,67,1315,0.05095057034220532
888,2021-12-24,Eastern,81,1415,0.05724381625441696
889,2021-12-31,Eastern,61,831,0.07340553549939831
890,2022-01-07,Eastern,94,1248,0.07532051282051282
891,2022-01-14,Eastern,155,1471,0.1053704962610469
892,2022-01-21,Eastern,162,1396,0.11604584527220631
893,2022-01-28,Eastern,147,1272,0.11556603773584906
894,2022-02-04,Eastern,119,1230,0.09674796747967479
895,2022-02-11,Eastern,130,1264,0.10284810126582279
896,2022-02-18,Eastern,96,1153,0.08326105810928014
897,2022-02-25,Eastern,71,1169,0.06073567151411463
898,2022-03-04,Eastern,78,1202,0.064891846921797
899,2022-03-11,Eastern,79,1171,0.06746370623398805
900,2022-03-18,Eastern,62,1155,0.05367965367965368
901,2022-03-25,Eastern,102,1125,0.09066666666666667
902,2022-04-01,Eastern,97,1030,0.0941747572815534
903,2022-04-08,Eastern,95,1114,0.08527827648114901
904,2022-04-15,Eastern,131,1121,0.11685994647636039
905,2022-04-22,Eastern,127,1175,0.10808510638297872
906,2022-04-29,Eastern,130,1249,0.10408326661329063
907,2022-05-06,Eastern,89,1075,0.0827906976744186
908,2022-05-13,Eastern,92,1246,0.0738362760834671
909,2022-05-20,Eastern,70,1286,0.05443234836702955
910,2022-05-27,Eastern,59,1233,0.047850770478507706
911,2022-06-03,Eastern,23,784,0.029336734693877552
912,2022-06-10,Eastern,30,1243,0.02413515687851971
913,2022-06-17,Eastern,42,1214,0.03459637561779242
914,2022-06-24,Eastern,36,1177,0.03058623619371283
915,2022-07-01,Eastern,43,1161,0.037037037037037035
916,2022-07-08,Eastern,59,1074,0.05493482309124767
917,2022-07-15,Eastern,66,1178,0.05602716468590832
918,2022-07-22,Eastern,75,1118,0.06708407871198568
919,2022-07-29,Eastern,101,1227,0.08231458842705787
920,2022-08-05,Eastern,83,1231,0.06742485783915515
921,2022-08-12,Eastern,63,1175,0.05361702127659575
922,2022-08-19,Eastern,56,1137,0.04925241864555849
923,2022-08-26,Eastern,44,1211,0.03633360858794385
924,2022-09-02,Eastern,30,939,0.03194888178913738
925,2022-09-09,Eastern,42,1224,0.03431372549019608
926,2022-09-16,Eastern,35,1161,0.030146425495262703
927,2022-09-23,Eastern,23,915,0.025136612021857924
928,2022-09-30,Eastern,22,1173,0.01875532821824382
929,2022-10-07,Eastern,41,1190,0.034453781512605045
930,2022-10-14,Eastern,72,1238,0.05815831987075929
931,2022-10-21,Eastern,83,1202,0.06905158069883527
932,2022-10-28,Eastern,93,1241,0.0749395648670427
933,2022-11-04,Eastern,73,1251,0.058353317346123104
934,2022-11-11,Eastern,55,1244,0.04421221864951769
935,2022-11-18,Eastern,48,1215,0.03950617283950617
936,2022-11-25,Eastern,49,1289,0.03801396431342126
937,2022-12-02,Eastern,37,1246,0.02969502407704655
938,2022-12-09,Eastern,33,1273,0.025923016496465043
939,2022-12-16,Eastern,44,1301,0.033820138355111454
940,2022-12-23,Eastern,43,1459,0.029472241261137764
941,2022-12-30,Eastern,45,950,0.04736842105263158
942,2020-01-03,London,0,1113,0.0
943,2020-01-10,London,0,1272,0.0
944,2020-01-17,London,0,1073,0.0
945,2020-01-24,London,0,1028,0.0
946,2020-01-31,London,0,1092,0.0
947,2020-02-07,London,0,987,0.0
948,2020-02-14,London,0,967,0.0
949,2020-02-21,London,0,1032,0.0
950,2020-02-28,London,0,1085,0.0
951,2020-03-06,London,0,982,0.0
952,2020-03-13,London,0,964,0.0
953,2020-03-20,London,44,1008,0.04365079365079365
954,2020-03-27,London,237,1297,0.18272937548188126
955,2020-04-03,London,1170,2511,0.4659498207885305
956,2020-04-10,London,1506,2832,0.5317796610169492
957,2020-04-17,London,1818,3275,0.555114503816794
958,2020-04-24,London,1406,2785,0.5048473967684022
959,2020-05-01,London,785,1953,0.4019457245263697
960,2020-05-08,London,439,1213,0.3619126133553174
961,2020-05-15,London,365,1329,0.2746425884123401
962,2020-05-22,London,220,1125,0.19555555555555557
963,2020-05-29,London,115,841,0.1367419738406659
964,2020-06-05,London,113,891,0.12682379349046016
965,2020-06-12,London,71,883,0.08040770101925254
966,2020-06-19,London,50,896,0.05580357142857143
967,2020-06-26,London,35,791,0.04424778761061947
968,2020-07-03,London,43,837,0.05137395459976105
969,2020-07-10,London,28,803,0.034869240348692404
970,2020-07-17,London,18,806,0.022332506203473945
971,2020-07-24,London,16,816,0.0196078431372549
972,2020-07-31,London,22,773,0.028460543337645538
973,2020-08-07,London,8,832,0.009615384615384616
974,2020-08-14,London,18,928,0.01939655172413793
975,2020-08-21,London,10,920,0.010869565217391304
976,2020-08-28,London,4,810,0.0049382716049382715
977,2020-09-04,London,2,737,0.0027137042062415195
978,2020-09-11,London,6,898,0.0066815144766146995
979,2020-09-18,London,13,844,0.015402843601895734
980,2020-09-25,London,23,869,0.026467203682393557
981,2020-10-02,London,31,899,0.034482758620689655
982,2020-10-09,London,34,902,0.037694013303769404
983,2020-10-16,London,43,923,0.04658721560130011
984,2020-10-23,London,47,922,0.0509761388286334
985,2020-10-30,London,76,888,0.08558558558558559
986,2020-11-06,London,87,952,0.09138655462184873
987,2020-11-13,London,124,1112,0.11151079136690648
988,2020-11-20,London,160,1086,0.14732965009208104
989,2020-11-27,London,190,1012,0.18774703557312253
990,2020-12-04,London,211,1029,0.20505344995140914
991,2020-12-11,London,200,1065,0.18779342723004694
992,2020-12-18,London,241,1167,0.20651242502142245
993,2020-12-25,London,299,1090,0.2743119266055046
994,2021-01-01,London,492,1159,0.4245038826574633
995,2021-01-08,London,1047,2138,0.48971000935453696
996,2021-01-15,London,1272,2346,0.5421994884910486
997,2021-01-22,London,1400,2417,0.5792304509722797
998,2021-01-29,London,1265,2302,0.549522154648132
999,2021-02-05,London,982,1922,0.5109261186264308
1000,2021-02-12,London,718,1545,0.4647249190938511
1001,2021-02-19,London,461,1367,0.3372348207754206
1002,2021-02-26,London,350,1261,0.2775574940523394
1003,2021-03-05,London,226,1093,0.20677035681610248
1004,2021-03-12,London,167,976,0.1711065573770492
1005,2021-03-19,London,116,917,0.12649945474372956
1006,2021-03-26,London,78,914,0.08533916849015317
1007,2021-04-02,London,48,741,0.06477732793522267
1008,2021-04-09,London,38,816,0.04656862745098039
1009,2021-04-16,London,56,970,0.0577319587628866
1010,2021-04-23,London,39,986,0.03955375253549696
1011,2021-04-30,London,33,908,0.03634361233480176
1012,2021-05-07,London,27,792,0.03409090909090909
1013,2021-05-14,London,19,908,0.02092511013215859
1014,2021-05-21,London,14,888,0.015765765765765764
1015,2021-05-28,London,22,880,0.025
1016,2021-06-04,London,13,731,0.017783857729138167
1017,2021-06-11,London,19,967,0.01964839710444674
1018,2021-06-18,London,19,829,0.022919179734620022
1019,2021-06-25,London,16,803,0.019925280199252802
1020,2021-07-02,London,18,827,0.02176541717049577
1021,2021-07-09,London,20,900,0.022222222222222223
1022,2021-07-16,London,20,894,0.02237136465324385
1023,2021-07-23,London,35,914,0.038293216630196934
1024,2021-07-30,London,50,942,0.05307855626326964
1025,2021-08-06,London,70,888,0.07882882882882883
1026,2021-08-13,London,72,916,0.07860262008733625
1027,2021-08-20,London,81,881,0.09194097616345062
1028,2021-08-27,London,107,933,0.11468381564844587
1029,2021-09-03,London,76,861,0.08826945412311266
1030,2021-09-10,London,95,1052,0.0903041825095057
1031,2021-09-17,London,83,1046,0.07934990439770555
1032,2021-09-24,London,78,981,0.07951070336391437
1033,2021-10-01,London,107,990,0.10808080808080808
1034,2021-10-08,London,84,1023,0.08211143695014662
1035,2021-10-15,London,86,1062,0.08097928436911488
1036,2021-10-22,London,74,985,0.0751269035532995
1037,2021-10-29,London,80,986,0.08113590263691683
1038,2021-11-05,London,84,1031,0.08147429679922405
1039,2021-11-12,London,93,1043,0.08916586768935762
1040,2021-11-19,London,86,1084,0.07933579335793357
1041,2021-11-26,London,70,987,0.07092198581560284
1042,2021-12-03,London,76,1101,0.06902815622161672
1043,2021-12-10,London,76,1059,0.07176581680830972
1044,2021-12-17,London,103,1160,0.08879310344827586
1045,2021-12-24,London,116,1142,0.10157618213660245
1046,2021-12-31,London,111,816,0.13602941176470587
1047,2022-01-07,London,171,1112,0.15377697841726617
1048,2022-01-14,London,243,1337,0.18175018698578907
1049,2022-01-21,London,232,1215,0.19094650205761318
1050,2022-01-28,London,190,1183,0.16060862214708369
1051,2022-02-04,London,135,1090,0.12385321100917432
1052,2022-02-11,London,100,1073,0.09319664492078285
1053,2022-02-18,London,71,964,0.07365145228215768
1054,2022-02-25,London,80,993,0.08056394763343404
1055,2022-03-04,London,64,1005,0.06368159203980099
1056,2022-03-11,London,51,1004,0.05079681274900399
1057,2022-03-18,London,85,969,0.08771929824561403
1058,2022-03-25,London,66,958,0.06889352818371608
1059,2022-04-01,London,60,869,0.06904487917146145
1060,2022-04-08,London,91,985,0.09238578680203045
1061,2022-04-15,London,84,889,0.09448818897637795
1062,2022-04-22,London,86,925,0.09297297297297297
1063,2022-04-29,London,79,1049,0.07530981887511916
1064,2022-05-06,London,55,844,0.06516587677725119
1065,2022-05-13,London,48,1106,0.0433996383363472
1066,2022-05-20,London,52,984,0.052845528455284556
1067,2022-05-27,London,30,963,0.03115264797507788
1068,2022-06-03,London,18,587,0.030664395229982964
1069,2022-06-10,London,29,1089,0.02662993572084481
1070,2022-06-17,London,34,957,0.035527690700104496
1071,2022-06-24,London,38,1013,0.03751233958538993
1072,2022-07-01,London,50,1002,0.0499001996007984
1073,2022-07-08,London,48,900,0.05333333333333334
1074,2022-07-15,London,66,893,0.07390817469204927
1075,2022-07-22,London,82,1003,0.08175473579262213
1076,2022-07-29,London,64,1001,0.06393606393606394
1077,2022-08-05,London,79,953,0.08289611752360965
1078,2022-08-12,London,65,895,0.07262569832402235
1079,2022-08-19,London,66,977,0.06755373592630501
1080,2022-08-26,London,54,941,0.057385759829968117
1081,2022-09-02,London,34,805,0.0422360248447205
1082,2022-09-09,London,34,955,0.0356020942408377
1083,2022-09-16,London,30,977,0.030706243602865915
1084,2022-09-23,London,24,830,0.02891566265060241
1085,2022-09-30,London,25,976,0.025614754098360656
1086,2022-10-07,London,35,1020,0.03431372549019608
1087,2022-10-14,London,31,1024,0.0302734375
1088,2022-10-21,London,70,1118,0.0626118067978533
1089,2022-10-28,London,65,976,0.06659836065573771
1090,2022-11-04,London,65,1052,0.06178707224334601
1091,2022-11-11,London,56,1001,0.055944055944055944
1092,2022-11-18,London,44,1046,0.04206500956022945
1093,2022-11-25,London,45,1039,0.04331087584215592
1094,2022-12-02,London,43,1065,0.04037558685446009
1095,2022-12-09,London,47,1032,0.045542635658914726
1096,2022-12-16,London,53,1120,0.04732142857142857
1097,2022-12-23,London,53,1392,0.03807471264367816
1098,2022-12-30,London,35,875,0.04
1099,2020-01-03,South East,0,1814,0.0
1100,2020-01-10,South East,0,2132,0.0
1101,2020-01-17,South East,0,2064,0.0
1102,2020-01-24,South East,0,1833,0.0
1103,2020-01-31,South East,0,1820,0.0
1104,2020-02-07,South East,0,1729,0.0
1105,2020-02-14,South East,0,1688,0.0
1106,2020-02-21,South East,0,1675,0.0
1107,2020-02-28,South East,0,1587,0.0
1108,2020-03-06,South East,0,1726,0.0
1109,2020-03-13,South East,2,1751,0.001142204454597373
1110,2020-03-20,South East,17,1657,0.010259505129752565
1111,2020-03-27,South East,69,1822,0.03787047200878156
1112,2020-04-03,South East,411,2294,0.1791630340017437
1113,2020-04-10,South East,729,2604,0.2799539170506912
1114,2020-04-17,South East,1109,3084,0.35959792477302205
1115,2020-04-24,South East,1232,3334,0.3695260947810438
1116,2020-05-01,South East,966,2853,0.33859095688748686
1117,2020-05-08,South East,551,1887,0.29199788023317436
1118,2020-05-15,South East,598,2251,0.26565970679697914
1119,2020-05-22,South East,409,1937,0.21115126484254002
1120,2020-05-29,South East,269,1515,0.17755775577557756
1121,2020-06-05,South East,219,1610,0.1360248447204969
1122,2020-06-12,South East,174,1530,0.11372549019607843
1123,2020-06-19,South East,117,1411,0.08291991495393337
1124,2020-06-26,South East,85,1311,0.06483600305110603
1125,2020-07-03,South East,73,1454,0.050206327372764786
1126,2020-07-10,South East,62,1228,0.050488599348534204
1127,2020-07-17,South East,69,1339,0.05153099327856609
1128,2020-07-24,South East,40,1340,0.029850746268656716
1129,2020-07-31,South East,45,1447,0.031098825155494125
1130,2020-08-07,South East,24,1370,0.017518248175182483
1131,2020-08-14,South East,21,1395,0.015053763440860216
1132,2020-08-21,South East,24,1608,0.014925373134328358
1133,2020-08-28,South East,11,1511,0.00727994705493051
1134,2020-09-04,South East,17,1208,0.014072847682119206
1135,2020-09-11,South East,12,1610,0.007453416149068323
1136,2020-09-18,South East,11,1530,0.00718954248366013
1137,2020-09-25,South East,16,1521,0.01051939513477975
1138,2020-10-02,South East,26,1577,0.016487000634115408
1139,2020-10-09,South East,21,1462,0.014363885088919288
1140,2020-10-16,South East,30,1462,0.02051983584131327
1141,2020-10-23,South East,41,1510,0.027152317880794703
1142,2020-10-30,South East,73,1563,0.04670505438259757
1143,2020-11-06,South East,89,1614,0.05514250309789343
1144,2020-11-13,South East,144,1616,0.0891089108910891
1145,2020-11-20,South East,176,1687,0.1043272080616479
1146,2020-11-27,South East,256,1655,0.15468277945619335
1147,2020-12-04,South East,250,1720,0.14534883720930233
1148,2020-12-11,South East,294,1706,0.17233294255568582
1149,2020-12-18,South East,425,1947,0.21828454031843864
1150,2020-12-25,South East,415,1701,0.24397413286302175
1151,2021-01-01,South East,523,1595,0.32789968652037615
1152,2021-01-08,South East,1197,2950,0.40576271186440677
1153,2021-01-15,South East,1411,3127,0.45123121202430444
1154,2021-01-22,South East,1734,3328,0.5210336538461539
1155,2021-01-29,South East,1710,3271,0.5227759095077957
1156,2021-02-05,South East,1415,2941,0.4811288677320639
1157,2021-02-12,South East,974,2446,0.3982011447260834
1158,2021-02-19,South East,636,2047,0.31069858329262334
1159,2021-02-26,South East,481,1988,0.24195171026156942
1160,2021-03-05,South East,328,1703,0.19260129183793306
1161,2021-03-12,South East,235,1632,0.14399509803921567
1162,2021-03-19,South East,139,1609,0.08638906152889994
1163,2021-03-26,South East,116,1538,0.0754226267880364
1164,2021-04-02,South East,65,1301,0.04996156802459646
1165,2021-04-09,South East,59,1374,0.04294032023289665
1166,2021-04-16,South East,43,1634,0.02631578947368421
1167,2021-04-23,South East,32,1469,0.021783526208304968
1168,2021-04-30,South East,29,1519,0.019091507570770244
1169,2021-05-07,South East,17,1168,0.014554794520547944
1170,2021-05-14,South East,15,1525,0.009836065573770493
1171,2021-05-21,South East,22,1518,0.014492753623188406
1172,2021-05-28,South East,18,1453,0.012388162422573986
1173,2021-06-04,South East,13,1204,0.01079734219269103
1174,2021-06-11,South East,12,1590,0.007547169811320755
1175,2021-06-18,South East,16,1465,0.010921501706484642
1176,2021-06-25,South East,11,1303,0.00844205679201842
1177,2021-07-02,South East,11,1273,0.00864100549882168
1178,2021-07-09,South East,13,1398,0.009298998569384835
1179,2021-07-16,South East,21,1445,0.01453287197231834
1180,2021-07-23,South East,29,1442,0.02011095700416089
1181,2021-07-30,South East,25,1505,0.016611295681063124
1182,2021-08-06,South East,56,1556,0.03598971722365039
1183,2021-08-13,South East,57,1497,0.03807615230460922
1184,2021-08-20,South East,44,1463,0.03007518796992481
1185,2021-08-27,South East,73,1600,0.045625
1186,2021-09-03,South East,62,1170,0.05299145299145299
1187,2021-09-10,South East,87,1642,0.052984165651644335
1188,2021-09-17,South East,96,1581,0.06072106261859583
1189,2021-09-24,South East,76,1536,0.049479166666666664
1190,2021-10-01,South East,80,1590,0.050314465408805034
1191,2021-10-08,South East,69,1642,0.04202192448233861
1192,2021-10-15,South East,73,1647,0.04432301153612629
1193,2021-10-22,South East,66,1805,0.03656509695290859
1194,2021-10-29,South East,77,1629,0.047268262737875995
1195,2021-11-05,South East,125,1748,0.07151029748283753
1196,2021-11-12,South East,133,1786,0.07446808510638298
1197,2021-11-19,South East,107,1828,0.058533916849015315
1198,2021-11-26,South East,92,1759,0.05230244457077885
1199,2021-12-03,South East,94,1704,0.05516431924882629
1200,2021-12-10,South East,116,1773,0.06542583192329385
1201,2021-12-17,South East,97,1852,0.052375809935205186
1202,2021-12-24,South East,106,1943,0.054554812146165726
1203,2021-12-31,South East,64,1260,0.050793650793650794
1204,2022-01-07,South East,101,1750,0.05771428571428571
1205,2022-01-14,South East,134,1980,0.06767676767676768
1206,2022-01-21,South East,158,1998,0.07907907907907907
1207,2022-01-28,South East,173,1921,0.09005726184279021
1208,2022-02-04,South East,148,1866,0.07931404072883172
1209,2022-02-11,South East,142,1687,0.08417308832246592
1210,2022-02-18,South East,128,1646,0.07776427703523693
1211,2022-02-25,South East,148,1772,0.0835214446952596
1212,2022-03-04,South East,128,1841,0.06952743074416078
1213,2022-03-11,South East,136,1735,0.07838616714697406
1214,2022-03-18,South East,114,1654,0.06892382103990327
1215,2022-03-25,South East,126,1716,0.07342657342657342
1216,2022-04-01,South East,137,1501,0.09127248500999334
1217,2022-04-08,South East,133,1541,0.08630759247242051
1218,2022-04-15,South East,148,1433,0.10327983251919051
1219,2022-04-22,South East,154,1563,0.09852847088931542
1220,2022-04-29,South East,187,1895,0.09868073878627968
1221,2022-05-06,South East,125,1557,0.08028259473346179
1222,2022-05-13,South East,110,1796,0.061247216035634745
1223,2022-05-20,South East,93,1806,0.05149501661129568
1224,2022-05-27,South East,66,1724,0.0382830626450116
1225,2022-06-03,South East,27,1084,0.024907749077490774
1226,2022-06-10,South East,45,1904,0.023634453781512604
1227,2022-06-17,South East,38,1719,0.02210587550901687
1228,2022-06-24,South East,36,1606,0.0224159402241594
1229,2022-07-01,South East,48,1611,0.0297951582867784
1230,2022-07-08,South East,52,1605,0.032398753894081
1231,2022-07-15,South East,97,1717,0.056493884682585906
1232,2022-07-22,South East,96,1669,0.057519472738166565
1233,2022-07-29,South East,127,1703,0.0745742806811509
1234,2022-08-05,South East,111,1713,0.0647985989492119
1235,2022-08-12,South East,108,1621,0.06662553979025293
1236,2022-08-19,South East,72,1602,0.0449438202247191
1237,2022-08-26,South East,65,1740,0.03735632183908046
1238,2022-09-02,South East,46,1369,0.03360116873630387
1239,2022-09-09,South East,54,1628,0.033169533169533166
1240,2022-09-16,South East,50,1703,0.029359953024075163
1241,2022-09-23,South East,35,1368,0.025584795321637425
1242,2022-09-30,South East,45,1561,0.028827674567584883
1243,2022-10-07,South East,51,1751,0.02912621359223301
1244,2022-10-14,South East,78,1854,0.042071197411003236
1245,2022-10-21,South East,105,1964,0.053462321792260695
1246,2022-10-28,South East,118,1751,0.067390062821245
1247,2022-11-04,South East,99,1888,0.0524364406779661
1248,2022-11-11,South East,83,1743,0.047619047619047616
1249,2022-11-18,South East,55,1677,0.032796660703637445
1250,2022-11-25,South East,60,1704,0.035211267605633804
1251,2022-12-02,South East,35,1651,0.021199273167777106
1252,2022-12-09,South East,48,1755,0.02735042735042735
1253,2022-12-16,South East,51,1776,0.028716216216216218
1254,2022-12-23,South East,64,2040,0.03137254901960784
1255,2022-12-30,South East,68,1369,0.04967129291453616
1256,2020-01-03,South West,0,1225,0.0
1257,2020-01-10,South West,0,1487,0.0
1258,2020-01-17,South West,0,1466,0.0
1259,2020-01-24,South West,0,1253,0.0
1260,2020-01-31,South West,0,1233,0.0
1261,2020-02-07,South West,0,1157,0.0
1262,2020-02-14,South West,0,1169,0.0
1263,2020-02-21,South West,0,1118,0.0
1264,2020-02-28,South West,0,1133,0.0
1265,2020-03-06,South West,0,1170,0.0
1266,2020-03-13,South West,0,1174,0.0
1267,2020-03-20,South West,1,1156,0.0008650519031141869
1268,2020-03-27,South West,19,1092,0.0173992673992674
1269,2020-04-03,South West,155,1520,0.10197368421052631
1270,2020-04-10,South West,298,1560,0.191025641025641
1271,2020-04-17,South West,501,1854,0.2702265372168285
1272,2020-04-24,South West,531,1924,0.27598752598752596
1273,2020-05-01,South West,404,1554,0.25997425997426
1274,2020-05-08,South West,276,1218,0.22660098522167488
1275,2020-05-15,South West,239,1449,0.16494133885438234
1276,2020-05-22,South West,126,1177,0.1070518266779949
1277,2020-05-29,South West,103,1011,0.10187932739861523
1278,2020-06-05,South West,85,1116,0.07616487455197132
1279,2020-06-12,South West,48,1035,0.0463768115942029
1280,2020-06-19,South West,36,990,0.03636363636363636
1281,2020-06-26,South West,16,979,0.01634320735444331
1282,2020-07-03,South West,17,938,0.01812366737739872
1283,2020-07-10,South West,7,930,0.007526881720430108
1284,2020-07-17,South West,11,953,0.011542497376705142
1285,2020-07-24,South West,5,941,0.005313496280552604
1286,2020-07-31,South West,2,988,0.0020242914979757085
1287,2020-08-07,South West,2,929,0.002152852529601722
1288,2020-08-14,South West,4,1009,0.003964321110009911
1289,2020-08-21,South West,5,1043,0.004793863854266539
1290,2020-08-28,South West,6,959,0.006256517205422315
1291,2020-09-04,South West,2,803,0.0024906600249066002
1292,2020-09-11,South West,7,1084,0.006457564575645757
1293,2020-09-18,South West,5,1021,0.004897159647404506
1294,2020-09-25,South West,8,1041,0.007684918347742555
1295,2020-10-02,South West,3,1003,0.0029910269192422734
1296,2020-10-09,South West,6,1010,0.005940594059405941
1297,2020-10-16,South West,18,1174,0.015332197614991482
1298,2020-10-23,South West,30,1044,0.028735632183908046
1299,2020-10-30,South West,46,1129,0.04074402125775022
1300,2020-11-06,South West,58,1174,0.049403747870528106
1301,2020-11-13,South West,100,1168,0.08561643835616438
1302,2020-11-20,South West,114,1159,0.09836065573770492
1303,2020-11-27,South West,194,1272,0.15251572327044025
1304,2020-12-04,South West,191,1284,0.14875389408099687
1305,2020-12-11,South West,162,1156,0.14013840830449828
1306,2020-12-18,South West,200,1311,0.15255530129672007
1307,2020-12-25,South West,155,1115,0.13901345291479822
1308,2021-01-01,South West,158,929,0.17007534983853606
1309,2021-01-08,South West,285,1570,0.18152866242038215
1310,2021-01-15,South West,398,1593,0.24984306340238543
1311,2021-01-22,South West,540,1670,0.32335329341317365
1312,2021-01-29,South West,670,1775,0.37746478873239436
1313,2021-02-05,South West,594,1708,0.3477751756440281
1314,2021-02-12,South West,476,1550,0.30709677419354836
1315,2021-02-19,South West,268,1306,0.20520673813169985
1316,2021-02-26,South West,191,1230,0.15528455284552845
1317,2021-03-05,South West,137,1191,0.11502938706968933
1318,2021-03-12,South West,91,1161,0.07838070628768304
1319,2021-03-19,South West,48,1115,0.04304932735426009
1320,2021-03-26,South West,34,1051,0.03235014272121789
1321,2021-04-02,South West,19,865,0.021965317919075144
1322,2021-04-09,South West,16,971,0.016477857878475798
1323,2021-04-16,South West,26,1109,0.023444544634806132
1324,2021-04-23,South West,6,1042,0.005758157389635317
1325,2021-04-30,South West,10,1084,0.00922509225092251
1326,2021-05-07,South West,15,804,0.018656716417910446
1327,2021-05-14,South West,13,1125,0.011555555555555555
1328,2021-05-21,South West,4,1042,0.003838771593090211
1329,2021-05-28,South West,3,1001,0.002997002997002997
1330,2021-06-04,South West,0,807,0.0
1331,2021-06-11,South West,3,1089,0.0027548209366391185
1332,2021-06-18,South West,3,1042,0.0028790786948176585
1333,2021-06-25,South West,4,1004,0.00398406374501992
1334,2021-07-02,South West,2,950,0.002105263157894737
1335,2021-07-09,South West,11,1047,0.010506208213944603
1336,2021-07-16,South West,12,1104,0.010869565217391304
1337,2021-07-23,South West,13,1012,0.012845849802371542
1338,2021-07-30,South West,24,1166,0.02058319039451115
1339,2021-08-06,South West,29,1159,0.025021570319240724
1340,2021-08-13,South West,40,1119,0.035746201966041107
1341,2021-08-20,South West,33,1075,0.030697674418604652
1342,2021-08-27,South West,54,1104,0.04891304347826087
1343,2021-09-03,South West,57,911,0.06256860592755215
1344,2021-09-10,South West,79,1216,0.0649671052631579
1345,2021-09-17,South West,57,1268,0.044952681388012616
1346,2021-09-24,South West,63,1186,0.05311973018549747
1347,2021-10-01,South West,71,1135,0.06255506607929516
1348,2021-10-08,South West,60,1181,0.05080440304826418
1349,2021-10-15,South West,50,1215,0.0411522633744856
1350,2021-10-22,South West,71,1178,0.06027164685908319
1351,2021-10-29,South West,76,1215,0.06255144032921811
1352,2021-11-05,South West,85,1188,0.07154882154882154
1353,2021-11-12,South West,99,1302,0.07603686635944701
1354,2021-11-19,South West,77,1234,0.06239870340356564
1355,2021-11-26,South West,75,1188,0.06313131313131314
1356,2021-12-03,South West,75,1224,0.061274509803921566
1357,2021-12-10,South West,51,1226,0.041598694942903754
1358,2021-12-17,South West,86,1368,0.06286549707602339
1359,2021-12-24,South West,87,1429,0.06088173547935619
1360,2021-12-31,South West,39,925,0.04216216216216216
1361,2022-01-07,South West,80,1320,0.06060606060606061
1362,2022-01-14,South West,88,1297,0.06784888203546646
1363,2022-01-21,South West,94,1306,0.07197549770290965
1364,2022-01-28,South West,83,1321,0.06283118849356548
1365,2022-02-04,South West,86,1198,0.07178631051752922
1366,2022-02-11,South West,113,1283,0.08807482462977397
1367,2022-02-18,South West,81,1303,0.06216423637759018
1368,2022-02-25,South West,80,1193,0.06705783738474434
1369,2022-03-04,South West,61,1229,0.04963384865744508
1370,2022-03-11,South West,51,1206,0.04228855721393035
1371,2022-03-18,South West,90,1291,0.069713400464756
1372,2022-03-25,South West,92,1145,0.08034934497816594
1373,2022-04-01,South West,109,1036,0.10521235521235521
1374,2022-04-08,South West,143,1163,0.12295786758383491
1375,2022-04-15,South West,125,1097,0.11394712853236098
1376,2022-04-22,South West,140,1192,0.1174496644295302
1377,2022-04-29,South West,147,1465,0.10034129692832765
1378,2022-05-06,South West,78,1140,0.06842105263157895
1379,2022-05-13,South West,70,1352,0.051775147928994084
1380,2022-05-20,South West,57,1294,0.04404945904173107
1381,2022-05-27,South West,38,1146,0.03315881326352531
1382,2022-06-03,South West,9,725,0.012413793103448275
1383,2022-06-10,South West,25,1298,0.01926040061633282
1384,2022-06-17,South West,24,1153,0.020815264527320035
1385,2022-06-24,South West,24,1196,0.020066889632107024
1386,2022-07-01,South West,25,1020,0.024509803921568627
1387,2022-07-08,South West,37,1108,0.033393501805054154
1388,2022-07-15,South West,54,1188,0.045454545454545456
1389,2022-07-22,South West,92,1232,0.07467532467532467
1390,2022-07-29,South West,77,1172,0.06569965870307168
1391,2022-08-05,South West,54,1103,0.04895738893925657
1392,2022-08-12,South West,58,1149,0.050478677110530897
1393,2022-08-19,South West,46,1297,0.03546646106399383
1394,2022-08-26,South West,34,1198,0.028380634390651086
1395,2022-09-02,South West,25,956,0.02615062761506276
1396,2022-09-09,South West,37,1211,0.0305532617671346
1397,2022-09-16,South West,15,1141,0.013146362839614373
1398,2022-09-23,South West,25,923,0.027085590465872156
1399,2022-09-30,South West,31,1254,0.024720893141945772
1400,2022-10-07,South West,34,1152,0.029513888888888888
1401,2022-10-14,South West,41,1260,0.03253968253968254
1402,2022-10-21,South West,65,1313,0.04950495049504951
1403,2022-10-28,South West,56,1261,0.04440919904837431
1404,2022-11-04,South West,62,1281,0.04839968774395004
1405,2022-11-11,South West,46,1214,0.03789126853377265
1406,2022-11-18,South West,34,1269,0.026792750197005517
1407,2022-11-25,South West,23,1236,0.0186084142394822
1408,2022-12-02,South West,35,1221,0.028665028665028666
1409,2022-12-09,South West,24,1253,0.019154030327214685
1410,2022-12-16,South West,41,1287,0.031857031857031856
1411,2022-12-23,South West,53,1538,0.03446033810143043
1412,2022-12-30,South West,55,938,0.05863539445628998
1413,2020-01-03,Wales,0,787,0.0
1414,2020-01-10,Wales,0,939,0.0
1415,2020-01-17,Wales,0,767,0.0
1416,2020-01-24,Wales,0,723,0.0
1417,2020-01-31,Wales,0,727,0.0
1418,2020-02-07,Wales,0,690,0.0
1419,2020-02-14,Wales,0,728,0.0
1420,2020-02-21,Wales,0,679,0.0
1421,2020-02-28,Wales,0,651,0.0
1422,2020-03-06,Wales,0,652,0.0
1423,2020-03-13,Wales,0,675,0.0
1424,2020-03-20,Wales,2,719,0.0027816411682892906
1425,2020-03-27,Wales,21,719,0.02920723226703755
1426,2020-04-03,Wales,134,920,0.14565217391304347
1427,2020-04-10,Wales,304,928,0.3275862068965517
1428,2020-04-17,Wales,409,1169,0.3498716852010265
1429,2020-04-24,Wales,413,1124,0.36743772241992884
1430,2020-05-01,Wales,281,929,0.302475780409042
1431,2020-05-08,Wales,211,692,0.30491329479768786
1432,2020-05-15,Wales,180,772,0.23316062176165803
1433,2020-05-22,Wales,134,692,0.1936416184971098
1434,2020-05-29,Wales,105,587,0.1788756388415673
1435,2020-06-05,Wales,100,700,0.14285714285714285
1436,2020-06-12,Wales,57,574,0.09930313588850175
1437,2020-06-19,Wales,39,617,0.06320907617504051
1438,2020-06-26,Wales,30,552,0.05434782608695652
1439,2020-07-03,Wales,35,584,0.059931506849315065
1440,2020-07-10,Wales,22,572,0.038461538461538464
1441,2020-07-17,Wales,11,550,0.02
1442,2020-07-24,Wales,7,565,0.012389380530973451
1443,2020-07-31,Wales,10,531,0.018832391713747645
1444,2020-08-07,Wales,24,563,0.04262877442273535
1445,2020-08-14,Wales,14,617,0.022690437601296597
1446,2020-08-21,Wales,11,594,0.018518518518518517
1447,2020-08-28,Wales,3,591,0.005076142131979695
1448,2020-09-04,Wales,4,488,0.00819672131147541
1449,2020-09-11,Wales,1,578,0.0017301038062283738
1450,2020-09-18,Wales,5,555,0.009009009009009009
1451,2020-09-25,Wales,12,617,0.019448946515397084
1452,2020-10-02,Wales,25,671,0.037257824143070044
1453,2020-10-09,Wales,37,638,0.05799373040752351
1454,2020-10-16,Wales,47,688,0.06831395348837209
1455,2020-10-23,Wales,65,661,0.09833585476550681
1456,2020-10-30,Wales,121,712,0.1699438202247191
1457,2020-11-06,Wales,166,832,0.19951923076923078
1458,2020-11-13,Wales,190,742,0.2560646900269542
1459,2020-11-20,Wales,223,848,0.26297169811320753
1460,2020-11-27,Wales,218,797,0.27352572145545795
1461,2020-12-04,Wales,207,836,0.24760765550239233
1462,2020-12-11,Wales,223,814,0.273955773955774
1463,2020-12-18,Wales,256,882,0.29024943310657597
1464,2020-12-25,Wales,278,825,0.336969696969697
1465,2021-01-01,Wales,310,727,0.4264099037138927
1466,2021-01-08,Wales,454,1198,0.3789649415692821
1467,2021-01-15,Wales,467,1170,0.39914529914529917
1468,2021-01-22,Wales,447,1077,0.415041782729805
1469,2021-01-29,Wales,361,974,0.37063655030800824
1470,2021-02-05,Wales,314,903,0.3477297895902547
1471,2021-02-12,Wales,216,760,0.28421052631578947
1472,2021-02-19,Wales,179,787,0.22744599745870395
1473,2021-02-26,Wales,138,759,0.18181818181818182
1474,2021-03-05,Wales,103,689,0.14949201741654572
1475,2021-03-12,Wales,68,685,0.09927007299270073
1476,2021-03-19,Wales,49,621,0.07890499194847021
1477,2021-03-26,Wales,32,651,0.04915514592933948
1478,2021-04-02,Wales,15,483,0.031055900621118012
1479,2021-04-09,Wales,19,576,0.03298611111111111
1480,2021-04-16,Wales,14,644,0.021739130434782608
1481,2021-04-23,Wales,14,616,0.022727272727272728
1482,2021-04-30,Wales,7,582,0.012027491408934709
1483,2021-05-07,Wales,5,560,0.008928571428571428
1484,2021-05-14,Wales,6,640,0.009375
1485,2021-05-21,Wales,7,605,0.011570247933884297
1486,2021-05-28,Wales,3,610,0.004918032786885246
1487,2021-06-04,Wales,2,464,0.004310344827586207
1488,2021-06-11,Wales,1,636,0.0015723270440251573
1489,2021-06-18,Wales,0,573,0.0
1490,2021-06-25,Wales,1,563,0.0017761989342806395
1491,2021-07-02,Wales,3,569,0.005272407732864675
1492,2021-07-09,Wales,3,639,0.004694835680751174
1493,2021-07-16,Wales,4,563,0.007104795737122558
1494,2021-07-23,Wales,16,638,0.025078369905956112
1495,2021-07-30,Wales,13,641,0.0202808112324493
1496,2021-08-06,Wales,22,634,0.03470031545741325
1497,2021-08-13,Wales,19,645,0.02945736434108527
1498,2021-08-20,Wales,18,598,0.030100334448160536
1499,2021-08-27,Wales,16,616,0.025974025974025976
1500,2021-09-03,Wales,25,542,0.046125461254612546
1501,2021-09-10,Wales,65,667,0.09745127436281859
1502,2021-09-17,Wales,66,668,0.09880239520958084
1503,2021-09-24,Wales,88,711,0.12376933895921238
1504,2021-10-01,Wales,64,653,0.09800918836140889
1505,2021-10-08,Wales,81,717,0.11297071129707113
1506,2021-10-15,Wales,71,719,0.09874826147426982
1507,2021-10-22,Wales,81,711,0.11392405063291139
1508,2021-10-29,Wales,81,701,0.11554921540656206
1509,2021-11-05,Wales,98,797,0.12296110414052698
1510,2021-11-12,Wales,75,725,0.10344827586206896
1511,2021-11-19,Wales,84,777,0.10810810810810811
1512,2021-11-26,Wales,77,776,0.09922680412371133
1513,2021-12-03,Wales,61,716,0.08519553072625698
1514,2021-12-10,Wales,54,747,0.07228915662650602
1515,2021-12-17,Wales,51,758,0.06728232189973615
1516,2021-12-24,Wales,49,828,0.059178743961352656
1517,2021-12-31,Wales,24,559,0.04293381037567084
1518,2022-01-07,Wales,61,776,0.07860824742268041
1519,2022-01-14,Wales,69,884,0.07805429864253394
1520,2022-01-21,Wales,102,743,0.13728129205921938
1521,2022-01-28,Wales,60,729,0.0823045267489712
1522,2022-02-04,Wales,76,705,0.10780141843971631
1523,2022-02-11,Wales,40,672,0.05952380952380952
1524,2022-02-18,Wales,47,648,0.07253086419753087
1525,2022-02-25,Wales,43,677,0.06351550960118169
1526,2022-03-04,Wales,48,752,0.06382978723404255
1527,2022-03-11,Wales,40,719,0.055632823365785816
1528,2022-03-18,Wales,30,669,0.04484304932735426
1529,2022-03-25,Wales,45,675,0.06666666666666667
1530,2022-04-01,Wales,61,690,0.08840579710144927
1531,2022-04-08,Wales,56,681,0.08223201174743025
1532,2022-04-15,Wales,51,579,0.08808290155440414
1533,2022-04-22,Wales,70,668,0.10479041916167664
1534,2022-04-29,Wales,67,818,0.08190709046454768
1535,2022-05-06,Wales,45,591,0.07614213197969544
1536,2022-05-13,Wales,45,732,0.06147540983606557
1537,2022-05-20,Wales,18,720,0.025
1538,2022-05-27,Wales,33,686,0.048104956268221574
1539,2022-06-03,Wales,12,435,0.027586206896551724
1540,2022-06-10,Wales,12,756,0.015873015873015872
1541,2022-06-17,Wales,16,658,0.0243161094224924
1542,2022-06-24,Wales,14,670,0.020895522388059702
1543,2022-07-01,Wales,20,593,0.03372681281618887
1544,2022-07-08,Wales,22,609,0.0361247947454844
1545,2022-07-15,Wales,41,621,0.06602254428341385
1546,2022-07-22,Wales,46,631,0.07290015847860538
1547,2022-07-29,Wales,62,660,0.09393939393939393
1548,2022-08-05,Wales,39,664,0.058734939759036146
1549,2022-08-12,Wales,30,661,0.0453857791225416
1550,2022-08-19,Wales,29,665,0.04360902255639098
1551,2022-08-26,Wales,32,668,0.04790419161676647
1552,2022-09-02,Wales,17,552,0.030797101449275364
1553,2022-09-09,Wales,24,666,0.036036036036036036
1554,2022-09-16,Wales,20,656,0.03048780487804878
1555,2022-09-23,Wales,17,537,0.03165735567970205
1556,2022-09-30,Wales,13,649,0.020030816640986132
1557,2022-10-07,Wales,28,730,0.038356164383561646
1558,2022-10-14,Wales,40,685,0.058394160583941604
1559,2022-10-21,Wales,40,714,0.056022408963585436
1560,2022-10-28,Wales,29,709,0.04090267983074753
1561,2022-11-04,Wales,44,712,0.06179775280898876
1562,2022-11-11,Wales,40,727,0.055020632737276476
1563,2022-11-18,Wales,21,667,0.031484257871064465
1564,2022-11-25,Wales,15,700,0.02142857142857143
1565,2022-12-02,Wales,17,730,0.023287671232876714
1566,2022-12-09,Wales,31,723,0.042876901798063624
1567,2022-12-16,Wales,26,798,0.03258145363408521
1568,2022-12-23,Wales,32,961,0.03329864724245578
1569,2022-12-30,Wales,25,630,0.03968253968253968
